Sample_ID,Sample_name_16S,Sample_name_18S,Sample_type,Site,Sample_date,Extraction_date,Julian_day,Month,Season,Depth,Latitude,Longitude,Shoot_Length,Leaf_Width,No_Leaves,Dataset,Dataset_short,Dislodgment_method,Area,Country,Sheltered_Index,Sea_Surface_Temperature,Orbital_Velocity_Mean,Orbital_Velocity_Max,Salinity,Bathymetry,
K_D_SGO_t0_1,515F-806R-P01-A01-SeaStore-Seq01-2022-K-D-SGO-t0-1,1183F-1443R-P01-A01-SeaStore-Seq01-2022-K-D-SGO-t0-1,old_leaf,Kiel,2021-05-31,28.07.2021,151,May,Spring,NA,54.346,10.154,25.1,4.5,6,Seastore_Project,SP,leaf_piece,Kiel Bay,Germany,8,NA,8.01E-06,3.82E-04,17.3962841,-3.64,
K_D_SGO_t0_2,515F-806R-P01-B01-SeaStore-Seq01-2022-K-D-SGO-t0-2,1183F-1443R-P01-B01-SeaStore-Seq01-2022-K-D-SGO-t0-2,old_leaf,Kiel,2021-05-31,25.11.2021,151,May,Spring,NA,54.346,10.154,17,3,4,Seastore_Project,SP,leaf_piece,Kiel Bay,Germany,8,NA,8.01E-06,3.82E-04,17.3962841,-3.64,
K_D_SGO_t0_3,515F-806R-P01-C01-SeaStore-Seq01-2022-K-D-SGO-t0-3,1183F-1443R-P01-C01-SeaStore-Seq01-2022-K-D-SGO-t0-3,old_leaf,Kiel,2021-05-31,01.12.2021,151,May,Spring,NA,54.346,10.154,18.6,4,4,Seastore_Project,SP,leaf_piece,Kiel Bay,Germany,8,NA,8.01E-06,3.82E-04,17.3962841,-3.64,
K_D_SGO_t1_1,515F-806R-P01-G01-SeaStore-Seq01-2022-K-D-SGO-t1-1,1183F-1443R-P01-G01-SeaStore-Seq01-2022-K-D-SGO-t1-1,old_leaf,Kiel,2021-07-06,10.08.2021,187,July,Summer,NA,54.346,10.154,35,3,4,Seastore_Project,SP,leaf_piece,Kiel Bay,Germany,8,NA,1.17E-05,0.001480895281,13.03527451,-3.64,
K_D_SGO_t1_2,515F-806R-P01-H01-SeaStore-Seq01-2022-K-D-SGO-t1-2,1183F-1443R-P01-H01-SeaStore-Seq01-2022-K-D-SGO-t1-2,old_leaf,Kiel,2021-07-06,25.11.2021,187,July,Summer,NA,54.346,10.154,42.5,4,3,Seastore_Project,SP,leaf_piece,Kiel Bay,Germany,8,NA,1.17E-05,0.001480895281,13.03527451,-3.64,
K_D_SGO_t1_3,515F-806R-P01-A02-SeaStore-Seq01-2022-K-D-SGO-t1-3,1183F-1443R-P01-A02-SeaStore-Seq01-2022-K-D-SGO-t1-3,old_leaf,Kiel,2021-07-06,26.11.2021,187,July,Summer,NA,54.346,10.154,48.7,4,3,Seastore_Project,SP,leaf_piece,Kiel Bay,Germany,8,NA,1.17E-05,0.001480895281,13.03527451,-3.64,
K_RQ1_SGO_t1_1,515F-806R-P01-E02-SeaStore-Seq01-2022-K-RQ1-SGO-t1-1,1183F-1443R-P01-E02-SeaStore-Seq01-2022-K-RQ1-SGO-t1-1,old_leaf,Kiel,2021-07-07,25.11.2021,188,July,Summer,NA,54.349,10.15,20,3,6,Seastore_Project,SP,leaf_piece,Kiel Bay,Germany,8,NA,7.25E-07,5.41E-05,14.44174767,-3.64,
K_RQ1_SGO_t1_2,515F-806R-P01-F02-SeaStore-Seq01-2022-K-RQ1-SGO-t1-2,1183F-1443R-P01-F02-SeaStore-Seq01-2022-K-RQ1-SGO-t1-2,old_leaf,Kiel,2021-07-07,06.12.2021,188,July,Summer,NA,54.349,10.15,14.7,2,5,Seastore_Project,SP,leaf_piece,Kiel Bay,Germany,8,NA,7.25E-07,5.41E-05,14.44174767,-3.64,
K_RQ1_SGO_t1_3,515F-806R-P01-G02-SeaStore-Seq01-2022-K-RQ1-SGO-t1-3,1183F-1443R-P01-G02-SeaStore-Seq01-2022-K-RQ1-SGO-t1-3,old_leaf,Kiel,2021-07-07,28.07.2021,188,July,Summer,NA,54.349,10.15,12.5,2.5,5,Seastore_Project,SP,leaf_piece,Kiel Bay,Germany,8,NA,7.25E-07,5.41E-05,14.44174767,-3.64,
K_RQ2_SGO_t1_1,515F-806R-P01-C03-SeaStore-Seq01-2022-K-RQ2-SGO-t1-1,1183F-1443R-P01-C03-SeaStore-Seq01-2022-K-RQ2-SGO-t1-1,old_leaf,Kiel,2021-07-07,25.11.2021,188,July,Summer,NA,54.349,10.15,14.4,2.5,4,Seastore_Project,SP,leaf_piece,Kiel Bay,Germany,8,NA,7.25E-07,5.41E-05,14.44174767,-3.64,
K_RQ2_SGO_t1_2,515F-806R-P01-D03-SeaStore-Seq01-2022-K-RQ2-SGO-t1-2,1183F-1443R-P01-D03-SeaStore-Seq01-2022-K-RQ2-SGO-t1-2,old_leaf,Kiel,2021-07-07,15.12.2021,188,July,Summer,NA,54.349,10.15,11.5,2,4,Seastore_Project,SP,leaf_piece,Kiel Bay,Germany,8,NA,7.25E-07,5.41E-05,14.44174767,-3.64,
K_RQ2_SGO_t1_3,515F-806R-P01-E03-SeaStore-Seq01-2022-K-RQ2-SGO-t1-3,1183F-1443R-P01-E03-SeaStore-Seq01-2022-K-RQ2-SGO-t1-3,old_leaf,Kiel,2021-07-07,26.08.2021,188,July,Summer,NA,54.349,10.15,14.3,3,5,Seastore_Project,SP,leaf_piece,Kiel Bay,Germany,8,NA,7.25E-07,5.41E-05,14.44174767,-3.64,
K_RQ3_SGO_t1_1,515F-806R-P01-A04-SeaStore-Seq01-2022-K-RQ3-SGO-t1-1,1183F-1443R-P01-A04-SeaStore-Seq01-2022-K-RQ3-SGO-t1-1,old_leaf,Kiel,2021-07-07,25.11.2021,188,July,Summer,NA,54.349,10.15,23,2,4,Seastore_Project,SP,leaf_piece,Kiel Bay,Germany,8,NA,7.25E-07,5.41E-05,14.44174767,-3.64,
K_RQ3_SGO_t1_2,515F-806R-P01-B04-SeaStore-Seq01-2022-K-RQ3-SGO-t1-2,1183F-1443R-P01-B04-SeaStore-Seq01-2022-K-RQ3-SGO-t1-2,old_leaf,Kiel,2021-07-07,28.07.2021,188,July,Summer,NA,54.349,10.15,9.2,2,3,Seastore_Project,SP,leaf_piece,Kiel Bay,Germany,8,NA,7.25E-07,5.41E-05,14.44174767,-3.64,
K_RQ3_SGO_t1_3,515F-806R-P01-C04-SeaStore-Seq01-2022-K-RQ3-SGO-t1-3,1183F-1443R-P01-C04-SeaStore-Seq01-2022-K-RQ3-SGO-t1-3,old_leaf,Kiel,2021-07-07,16.12.2021,188,July,Summer,NA,54.349,10.15,19.5,4,4,Seastore_Project,SP,leaf_piece,Kiel Bay,Germany,8,NA,7.25E-07,5.41E-05,14.44174767,-3.64,
K_RQ4_SGO_t1_1,515F-806R-P01-G04-SeaStore-Seq01-2022-K-RQ4-SGO-t1-1,1183F-1443R-P01-G04-SeaStore-Seq01-2022-K-RQ4-SGO-t1-1,old_leaf,Kiel,2021-07-07,26.08.2021,188,July,Summer,NA,54.349,10.15,15.3,2,5,Seastore_Project,SP,leaf_piece,Kiel Bay,Germany,8,NA,7.25E-07,5.41E-05,14.44174767,-3.64,
K_RQ4_SGO_t1_2,515F-806R-P01-H04-SeaStore-Seq01-2022-K-RQ4-SGO-t1-2,1183F-1443R-P01-H04-SeaStore-Seq01-2022-K-RQ4-SGO-t1-2,old_leaf,Kiel,2021-07-07,15.12.2021,188,July,Summer,NA,54.349,10.15,18.5,4,6,Seastore_Project,SP,leaf_piece,Kiel Bay,Germany,8,NA,7.25E-07,5.41E-05,14.44174767,-3.64,
K_RQ4_SGO_t1_3,515F-806R-P01-A05-SeaStore-Seq01-2022-K-RQ4-SGO-t1-3,1183F-1443R-P01-A05-SeaStore-Seq01-2022-K-RQ4-SGO-t1-3,old_leaf,Kiel,2021-07-07,16.12.2021,188,July,Summer,NA,54.349,10.15,21.5,4,7,Seastore_Project,SP,leaf_piece,Kiel Bay,Germany,8,NA,7.25E-07,5.41E-05,14.44174767,-3.64,
M_RQ3_SGO_t1_1,515F-806R-P01-E05-SeaStore-Seq01-2022-M-RQ3-SGO-t1-1,1183F-1443R-P01-E05-SeaStore-Seq01-2022-M-RQ3-SGO-t1-1,old_leaf,Maasholm,2021-07-05,25.11.2021,186,July,Summer,NA,54.687,10.007,7.4,2,4,Seastore_Project,SP,leaf_piece,Kiel Bay,Germany,6,19.08343097,0.018783412,0.2279180821,21.57461166,0,
M_RQ3_SGO_t1_2,515F-806R-P01-F05-SeaStore-Seq01-2022-M-RQ3-SGO-t1-2,1183F-1443R-P01-F05-SeaStore-Seq01-2022-M-RQ3-SGO-t1-2,old_leaf,Maasholm,2021-07-05,25.11.2021,186,July,Summer,NA,54.687,10.007,9.9,2,4,Seastore_Project,SP,leaf_piece,Kiel Bay,Germany,6,19.08343097,0.018783412,0.2279180821,21.57461166,0,
M_RQ3_SGO_t1_3,515F-806R-P01-G05-SeaStore-Seq01-2022-M-RQ3-SGO-t1-3,1183F-1443R-P01-G05-SeaStore-Seq01-2022-M-RQ3-SGO-t1-3,old_leaf,Maasholm,2021-07-05,28.07.2021,186,July,Summer,NA,54.687,10.007,NA,2,3,Seastore_Project,SP,leaf_piece,Kiel Bay,Germany,6,19.08343097,0.018783412,0.2279180821,21.57461166,0,
M_RQ4_SGO_t1_1,515F-806R-P01-C06-SeaStore-Seq01-2022-M-RQ4-SGO-t1-1,1183F-1443R-P01-C06-SeaStore-Seq01-2022-M-RQ4-SGO-t1-1,old_leaf,Maasholm,2021-07-05,28.07.2021,186,July,Summer,NA,54.687,10.007,14.8,2.5,4,Seastore_Project,SP,leaf_piece,Kiel Bay,Germany,6,19.08343097,0.018783412,0.2279180821,21.57461166,0,
M_RQ4_SGO_t1_2,515F-806R-P01-D06-SeaStore-Seq01-2022-M-RQ4-SGO-t1-2,1183F-1443R-P01-D06-SeaStore-Seq01-2022-M-RQ4-SGO-t1-2,old_leaf,Maasholm,2021-07-05,06.12.2021,186,July,Summer,NA,54.687,10.007,14.6,3,3,Seastore_Project,SP,leaf_piece,Kiel Bay,Germany,6,19.08343097,0.018783412,0.2279180821,21.57461166,0,
M_RQ4_SGO_t1_3,515F-806R-P01-E06-SeaStore-Seq01-2022-M-RQ4-SGO-t1-3,1183F-1443R-P01-E06-SeaStore-Seq01-2022-M-RQ4-SGO-t1-3,old_leaf,Maasholm,2021-07-05,15.12.2021,186,July,Summer,NA,54.687,10.007,15.3,3,4,Seastore_Project,SP,leaf_piece,Kiel Bay,Germany,6,19.08343097,0.018783412,0.2279180821,21.57461166,0,
M_RQ3_SGO_t2_3,515F-806R-P02-A04-SeaStore-Seq02-2022-M-RQ3-SGO-t3-1,1183F-1443R-P02-A04-SeaStore-Seq02-2022-M-RQ3-SGO-t3-1,old_leaf,Maasholm,2021-08-02,10.08.2021,214,August,Summer,NA,54.687,10.007,13.7,2,4,Seastore_Project,SP,leaf_piece,Kiel Bay,Germany,6,20.07280595,0.018783412,0.2279180821,22.44997215,0,
SGO_1_Kos,515F-806R-P02-C04-SeaStore-Seq02-2022-M-RQ3-SGO-t3-3,1183F-1443R-P02-C04-SeaStore-Seq02-2022-M-RQ3-SGO-t3-3,old_leaf,Koster,2021-06-30,08.11.2022,181,June,Summer,2.5,58.883,10.992,NA,9,8,Seastore_Project,SP,leaf_piece,Kosterfjord,Sweden,1,15.95917623,0.018783412,0.2279180821,34.83843994,0,
SGO_10_Kos,515F-806R-P02-D04-SeaStore-Seq02-2022-M-RQ3-SGR-t3-1,1183F-1443R-P02-D04-SeaStore-Seq02-2022-M-RQ3-SGR-t3-1,old_leaf,Koster,2021-06-30,09.11.2022,181,June,Summer,2.5,58.883,10.992,NA,6,5,Seastore_Project,SP,leaf_piece,Kosterfjord,Sweden,1,15.95917623,0.018783412,0.2279180821,34.83843994,0,
SGO_20_Kos,515F-806R-P02-E04-SeaStore-Seq02-2022-M-RQ3-SGR-t3-2,1183F-1443R-P02-E04-SeaStore-Seq02-2022-M-RQ3-SGR-t3-2,old_leaf,Koster,2021-06-30,30.11.2022,181,June,Summer,2.5,58.883,10.992,NA,9,7,Seastore_Project,SP,leaf_piece,Kosterfjord,Sweden,1,15.95917623,0.018783412,0.2279180821,34.83843994,0,
M_RQ3_SGO_t3_1,515F-806R-P02-A06-SeaStore-Seq02-2022-M-RQ4-S-t3-2,1183F-1443R-P02-A06-SeaStore-Seq02-2022-M-RQ4-S-t3-2,old_leaf,Maasholm,2021-09-23,25.11.2021,266,September,Autumn,NA,54.687,10.007,13.6,2,4,Seastore_Project,SP,leaf_piece,Kiel Bay,Germany,6,16.89343102,0.018783412,0.2279180821,21.70870209,0,
M_RQ3_SGO_t3_2,515F-806R-P02-B06-SeaStore-Seq02-2022-M-RQ4-S-t3-3,1183F-1443R-P02-B06-SeaStore-Seq02-2022-M-RQ4-S-t3-3,old_leaf,Maasholm,2021-09-23,03.12.2021,266,September,Autumn,NA,54.687,10.007,43.5,2,5,Seastore_Project,SP,leaf_piece,Kiel Bay,Germany,6,16.89343102,0.018783412,0.2279180821,21.70870209,0,
M_RQ3_SGO_t3_3,515F-806R-P02-C06-SeaStore-Seq02-2022-M-C-S-t3-1,1183F-1443R-P02-C06-SeaStore-Seq02-2022-M-C-S-t3-1,old_leaf,Maasholm,2021-09-23,18.11.2021,266,September,Autumn,NA,54.687,10.007,21.6,3,4,Seastore_Project,SP,leaf_piece,Kiel Bay,Germany,6,16.89343102,0.018783412,0.2279180821,21.70870209,0,
M_RQ4_SGO_t3_1,515F-806R-P02-G06-SeaStore-Seq02-2022-K-D-SGO-t3-1,1183F-1443R-P02-G06-SeaStore-Seq02-2022-K-D-SGO-t3-1,old_leaf,Maasholm,2021-09-23,18.11.2021,266,September,Autumn,NA,54.687,10.007,21.5,2,4,Seastore_Project,SP,leaf_piece,Kiel Bay,Germany,6,16.89343102,0.018783412,0.2279180821,21.70870209,0,
M_RQ4_SGO_t3_2,515F-806R-P02-H06-SeaStore-Seq02-2022-K-D-SGO-t3-2,1183F-1443R-P02-H06-SeaStore-Seq02-2022-K-D-SGO-t3-2,old_leaf,Maasholm,2021-09-23,25.11.2021,266,September,Autumn,NA,54.687,10.007,22.2,2,3,Seastore_Project,SP,leaf_piece,Kiel Bay,Germany,6,16.89343102,0.018783412,0.2279180821,21.70870209,0,
M_RQ4_SGO_t3_3,515F-806R-P02-A07-SeaStore-Seq02-2022-K-D-SGO-t3-3,1183F-1443R-P02-A07-SeaStore-Seq02-2022-K-D-SGO-t3-3,old_leaf,Maasholm,2021-09-23,03.12.2021,266,September,Autumn,NA,54.687,10.007,22,3,3,Seastore_Project,SP,leaf_piece,Kiel Bay,Germany,6,16.89343102,0.018783412,0.2279180821,21.70870209,0,
K_D_SGO_t3_1,515F-806R-P02-G08-SeaStore-Seq02-2022-K-RQ2-SGR-t3-2,1183F-1443R-P02-G08-SeaStore-Seq02-2022-K-RQ2-SGR-t3-2,old_leaf,Kiel,2021-09-28,25.11.2021,271,September,Autumn,NA,54.346,10.154,59,3,3,Seastore_Project,SP,leaf_piece,Kiel Bay,Germany,8,NA,2.94E-05,0.001935417354,14.06503677,-3.64,
K_D_SGO_t3_2,515F-806R-P02-H08-SeaStore-Seq02-2022-K-RQ2-SGR-t3-3,1183F-1443R-P02-H08-SeaStore-Seq02-2022-K-RQ2-SGR-t3-3,old_leaf,Kiel,2021-09-28,10.12.2021,271,September,Autumn,NA,54.346,10.154,63.5,3,4,Seastore_Project,SP,leaf_piece,Kiel Bay,Germany,8,NA,2.94E-05,0.001935417354,14.06503677,-3.64,
K_D_SGO_t3_3,515F-806R-P02-A09-SeaStore-Seq02-2022-K-RQ3-SGO-t3-1,1183F-1443R-P02-A09-SeaStore-Seq02-2022-K-RQ3-SGO-t3-1,old_leaf,Kiel,2021-09-28,01.12.2021,271,September,Autumn,NA,54.346,10.154,52.7,3,2,Seastore_Project,SP,leaf_piece,Kiel Bay,Germany,8,NA,2.94E-05,0.001935417354,14.06503677,-3.64,
K_RQ1_SGO_t3_1,515F-806R-P02-E09-SeaStore-Seq02-2022-K-RQ3-SGR-t3-2,1183F-1443R-P02-E09-SeaStore-Seq02-2022-K-RQ3-SGR-t3-2,old_leaf,Kiel,2021-09-29,25.11.2021,272,September,Autumn,NA,54.349,10.15,23,3,3,Seastore_Project,SP,leaf_piece,Kiel Bay,Germany,8,NA,7.38E-06,3.30E-04,14.06503677,-3.64,
K_RQ1_SGO_t3_2,515F-806R-P02-F09-SeaStore-Seq02-2022-K-RQ3-SGR-t3-3,1183F-1443R-P02-F09-SeaStore-Seq02-2022-K-RQ3-SGR-t3-3,old_leaf,Kiel,2021-09-29,06.12.2021,272,September,Autumn,NA,54.349,10.15,34.5,4,4,Seastore_Project,SP,leaf_piece,Kiel Bay,Germany,8,NA,7.38E-06,3.30E-04,14.06503677,-3.64,
K_RQ1_SGO_t3_3,515F-806R-P02-G09-SeaStore-Seq02-2022-K-RQ4-SGO-t3-1,1183F-1443R-P02-G09-SeaStore-Seq02-2022-K-RQ4-SGO-t3-1,old_leaf,Kiel,2021-09-29,03.12.2021,272,September,Autumn,NA,54.349,10.15,38,5,3,Seastore_Project,SP,leaf_piece,Kiel Bay,Germany,8,NA,7.38E-06,3.30E-04,14.06503677,-3.64,
K_RQ2_SGO_t3_1,515F-806R-P02-C10-SeaStore-Seq02-2022-K-RQ4-SGR-t3-2,1183F-1443R-P02-C10-SeaStore-Seq02-2022-K-RQ4-SGR-t3-2,old_leaf,Kiel,2021-09-29,25.11.2021,272,September,Autumn,NA,54.349,10.15,31,4,4,Seastore_Project,SP,leaf_piece,Kiel Bay,Germany,8,NA,7.38E-06,3.30E-04,14.06503677,-3.64,
K_RQ2_SGO_t3_2,515F-806R-P02-D10-SeaStore-Seq02-2022-K-RQ4-SGR-t3-3,1183F-1443R-P02-D10-SeaStore-Seq02-2022-K-RQ4-SGR-t3-3,old_leaf,Kiel,2021-09-29,10.12.2021,272,September,Autumn,NA,54.349,10.15,39.5,4,4,Seastore_Project,SP,leaf_piece,Kiel Bay,Germany,8,NA,7.38E-06,3.30E-04,14.06503677,-3.64,
K_RQ2_SGO_t3_3,515F-806R-P02-E10-SeaStore-Seq02-2022-K-D-S-t3-1,1183F-1443R-P02-E10-SeaStore-Seq02-2022-K-D-S-t3-1,old_leaf,Kiel,2021-09-29,06.12.2021,272,September,Autumn,NA,54.349,10.15,34.5,4,4,Seastore_Project,SP,leaf_piece,Kiel Bay,Germany,8,NA,7.38E-06,3.30E-04,14.06503677,-3.64,
K_RQ3_SGO_t3_1,515F-806R-P02-A11-SeaStore-Seq02-2022-K-RQ1-S-t3-2,1183F-1443R-P02-A11-SeaStore-Seq02-2022-K-RQ1-S-t3-2,old_leaf,Kiel,2021-09-29,25.11.2021,272,September,Autumn,NA,54.349,10.15,36,4,4,Seastore_Project,SP,leaf_piece,Kiel Bay,Germany,8,NA,7.38E-06,3.30E-04,14.06503677,-3.64,
K_RQ3_SGO_t3_2,515F-806R-P02-B11-SeaStore-Seq02-2022-K-RQ1-S-t3-3,1183F-1443R-P02-B11-SeaStore-Seq02-2022-K-RQ1-S-t3-3,old_leaf,Kiel,2021-09-29,26.11.2021,272,September,Autumn,NA,54.349,10.15,32,5,3,Seastore_Project,SP,leaf_piece,Kiel Bay,Germany,8,NA,7.38E-06,3.30E-04,14.06503677,-3.64,
K_RQ3_SGO_t3_3,515F-806R-P02-C11-SeaStore-Seq02-2022-K-RQ2-S-t3-1,1183F-1443R-P02-C11-SeaStore-Seq02-2022-K-RQ2-S-t3-1,old_leaf,Kiel,2021-09-29,06.12.2021,272,September,Autumn,NA,54.349,10.15,27.3,3,4,Seastore_Project,SP,leaf_piece,Kiel Bay,Germany,8,NA,7.38E-06,3.30E-04,14.06503677,-3.64,
K_RQ4_SGO_t3_1,515F-806R-P02-G11-SeaStore-Seq02-2022-K-RQ3-S-t3-2,1183F-1443R-P02-G11-SeaStore-Seq02-2022-K-RQ3-S-t3-2,old_leaf,Kiel,2021-09-29,25.11.2021,272,September,Autumn,NA,54.349,10.15,28.8,3,3,Seastore_Project,SP,leaf_piece,Kiel Bay,Germany,8,NA,7.38E-06,3.30E-04,14.06503677,-3.64,
K_RQ4_SGO_t3_2,515F-806R-P02-H11-SeaStore-Seq02-2022-K-RQ3-S-t3-3,1183F-1443R-P02-H11-SeaStore-Seq02-2022-K-RQ3-S-t3-3,old_leaf,Kiel,2021-09-29,10.12.2021,272,September,Autumn,NA,54.349,10.15,34.4,3.5,3,Seastore_Project,SP,leaf_piece,Kiel Bay,Germany,8,NA,7.38E-06,3.30E-04,14.06503677,-3.64,
K_RQ4_SGO_t3_3,515F-806R-P02-A12-SeaStore-Seq02-2022-K-RQ4-S-t3-1,1183F-1443R-P02-A12-SeaStore-Seq02-2022-K-RQ4-S-t3-1,old_leaf,Kiel,2021-09-29,10.12.2021,272,September,Autumn,NA,54.349,10.15,40,5,3,Seastore_Project,SP,leaf_piece,Kiel Bay,Germany,8,NA,7.38E-06,3.30E-04,14.06503677,-3.64,
M_RQ3_SGO_t4_1,515F-806R-P03-G01-SeaStore-Seq03-2022-M-N-SGR-t0-3,1183F-1443R-P03-G01-SeaStore-Seq03-2022-M-N-SGR-t0-3,old_leaf,Maasholm,2022-05-12,24.08.2022,132,May,Spring,NA,54.687,10.007,26,4,5,Seastore_Project,SP,leaf_piece,Kiel Bay,Germany,6,10.82686865,0.018783412,0.2279180821,17.53926659,0,
M_RQ3_SGO_t4_2,515F-806R-P01-H12-SeaStore-Seq01-2022-Blank-1,1183F-1443R-P01-H12-SeaStore-Seq01-2022-Blank-1,old_leaf,Maasholm,2022-05-12,21.09.2022,132,May,Spring,NA,54.687,10.007,25,4,5,Seastore_Project,SP,leaf_piece,Kiel Bay,Germany,6,10.82686865,0.018783412,0.2279180821,17.53926659,0,
M_RQ3_SGO_t4_3,515F-806R-P02-H12-SeaStore-Seq02-2022-Blank-2,1183F-1443R-P02-H12-SeaStore-Seq02-2022-Blank-2,old_leaf,Maasholm,2022-05-12,12.10.2022,132,May,Spring,NA,54.687,10.007,17.1,3,5,Seastore_Project,SP,leaf_piece,Kiel Bay,Germany,6,10.82686865,0.018783412,0.2279180821,17.53926659,0,
M_RQ4_SGO_t4_1,515F-806R-P03-G03-SeaStore-Seq03-2022-M-RQ4-S-t1-3-DS-1-50,1183F-1443R-P03-G03-SeaStore-Seq03-2022-M-RQ4-S-t1-3-DS-1-50,old_leaf,Maasholm,2022-05-12,24.08.2022,132,May,Spring,NA,54.687,10.007,32,4,5,Seastore_Project,SP,leaf_piece,Kiel Bay,Germany,6,10.82686865,0.018783412,0.2279180821,17.53926659,0,
M_RQ4_SGO_t4_2,515F-806R-P03-H03-SeaStore-Seq03-2022-M-RQ4-S-t1-3-DS-1-100,1183F-1443R-P03-H03-SeaStore-Seq03-2022-M-RQ4-S-t1-3-DS-1-100,old_leaf,Maasholm,2022-05-12,21.09.2022,132,May,Spring,NA,54.687,10.007,39.2,5,5,Seastore_Project,SP,leaf_piece,Kiel Bay,Germany,6,10.82686865,0.018783412,0.2279180821,17.53926659,0,
M_RQ4_SGO_t4_3,515F-806R-P03-A04-SeaStore-Seq03-2022-M-RQ4-S-t1-3-DS-1-500,1183F-1443R-P03-A04-SeaStore-Seq03-2022-M-RQ4-S-t1-3-DS-1-500,old_leaf,Maasholm,2022-05-12,12.10.2022,132,May,Spring,NA,54.687,10.007,22.6,3,4,Seastore_Project,SP,leaf_piece,Kiel Bay,Germany,6,10.82686865,0.018783412,0.2279180821,17.53926659,0,
K_D_SGO_t4_1,515F-806R-P01-G10-SeaStore-Seq01-2022-2-M-RQ3-SGO-t4-2,1183F-1443R-P01-G10-SeaStore-Seq01-2022-2-M-RQ3-SGO-t4-2,old_leaf,Kiel,2022-05-26,24.08.2022,146,May,Spring,NA,54.346,10.154,35.7,5,4,Seastore_Project,SP,leaf_piece,Kiel Bay,Germany,8,NA,7.04E-06,4.29E-04,13.86539173,-3.64,
K_D_SGO_t4_2,515F-806R-P01-H10-SeaStore-Seq01-2022-2-M-RQ3-SGO-t4-3,1183F-1443R-P01-H10-SeaStore-Seq01-2022-2-M-RQ3-SGO-t4-3,old_leaf,Kiel,2022-05-26,21.09.2022,146,May,Spring,NA,54.346,10.154,23.6,3.5,4,Seastore_Project,SP,leaf_piece,Kiel Bay,Germany,8,NA,7.04E-06,4.29E-04,13.86539173,-3.64,
K_D_SGO_t4_3,515F-806R-P01-A11-SeaStore-Seq01-2022-2-M-RQ3-SGR-t4-2,1183F-1443R-P01-A11-SeaStore-Seq01-2022-2-M-RQ3-SGR-t4-2,old_leaf,Kiel,2022-05-26,07.10.2022,146,May,Spring,NA,54.346,10.154,31.3,4,4,Seastore_Project,SP,leaf_piece,Kiel Bay,Germany,8,NA,7.04E-06,4.29E-04,13.86539173,-3.64,
K_RQ1_SGO_t4_1,515F-806R-P01-E11-SeaStore-Seq01-2022-2-M-RQ4-SGO-t4-3,1183F-1443R-P01-E11-SeaStore-Seq01-2022-2-M-RQ4-SGO-t4-3,old_leaf,Kiel,2022-05-25,24.08.2022,145,May,Spring,NA,54.349,10.15,36,4,5,Seastore_Project,SP,leaf_piece,Kiel Bay,Germany,8,NA,2.18E-06,5.10E-05,13.86539173,-3.64,
K_RQ1_SGO_t4_2,515F-806R-P01-F11-SeaStore-Seq01-2022-2-M-RQ4-SGR-t4-1,1183F-1443R-P01-F11-SeaStore-Seq01-2022-2-M-RQ4-SGR-t4-1,old_leaf,Kiel,2022-05-25,21.09.2022,145,May,Spring,NA,54.349,10.15,19.8,2.5,3,Seastore_Project,SP,leaf_piece,Kiel Bay,Germany,8,NA,2.18E-06,5.10E-05,13.86539173,-3.64,
K_RQ1_SGO_t4_3,515F-806R-P01-G11-SeaStore-Seq01-2022-2-M-RQ4-SGR-t4-2,1183F-1443R-P01-G11-SeaStore-Seq01-2022-2-M-RQ4-SGR-t4-2,old_leaf,Kiel,2022-05-25,12.10.2022,145,May,Spring,NA,54.349,10.15,37,3,4,Seastore_Project,SP,leaf_piece,Kiel Bay,Germany,8,NA,2.18E-06,5.10E-05,13.86539173,-3.64,
K_RQ2_SGO_t4_1,515F-806R-P01-C12-SeaStore-Seq01-2022-2-K-D-SGO-t4-3,1183F-1443R-P01-C12-SeaStore-Seq01-2022-2-K-D-SGO-t4-3,old_leaf,Kiel,2022-05-25,24.08.2022,145,May,Spring,NA,54.349,10.15,40.9,3.5,3,Seastore_Project,SP,leaf_piece,Kiel Bay,Germany,8,NA,2.18E-06,5.10E-05,13.86539173,-3.64,
K_RQ2_SGO_t4_2,515F-806R-P01-D12-SeaStore-Seq01-2022-2-K-D-SGR-t4-1,1183F-1443R-P01-D12-SeaStore-Seq01-2022-2-K-D-SGR-t4-1,old_leaf,Kiel,2022-05-25,21.09.2022,145,May,Spring,NA,54.349,10.15,24.2,3,4,Seastore_Project,SP,leaf_piece,Kiel Bay,Germany,8,NA,2.18E-06,5.10E-05,13.86539173,-3.64,
K_RQ2_SGO_t4_3,515F-806R-P01-E12-SeaStore-Seq01-2022-2-K-D-SGR-t4-2,1183F-1443R-P01-E12-SeaStore-Seq01-2022-2-K-D-SGR-t4-2,old_leaf,Kiel,2022-05-25,12.10.2022,145,May,Spring,NA,54.349,10.15,29.4,3,4,Seastore_Project,SP,leaf_piece,Kiel Bay,Germany,8,NA,2.18E-06,5.10E-05,13.86539173,-3.64,
K_RQ3_SGO_t4_1,515F-806R-P02-E05-SeaStore-Seq02-2022-2-K-RQ1-SGO-t4-2,1183F-1443R-P02-E05-SeaStore-Seq02-2022-2-K-RQ1-SGO-t4-2,old_leaf,Kiel,2022-05-25,24.08.2022,145,May,Spring,NA,54.349,10.15,29.2,4,4,Seastore_Project,SP,leaf_piece,Kiel Bay,Germany,8,NA,2.18E-06,5.10E-05,13.86539173,-3.64,
K_RQ3_SGO_t4_2,515F-806R-P02-F05-SeaStore-Seq02-2022-2-K-RQ1-SGO-t4-3,1183F-1443R-P02-F05-SeaStore-Seq02-2022-2-K-RQ1-SGO-t4-3,old_leaf,Kiel,2022-05-25,21.09.2022,145,May,Spring,NA,54.349,10.15,47,4,4,Seastore_Project,SP,leaf_piece,Kiel Bay,Germany,8,NA,2.18E-06,5.10E-05,13.86539173,-3.64,
K_RQ3_SGO_t4_3,515F-806R-P02-G05-SeaStore-Seq02-2022-2-K-RQ1-SGR-t4-1,1183F-1443R-P02-G05-SeaStore-Seq02-2022-2-K-RQ1-SGR-t4-1,old_leaf,Kiel,2022-05-25,12.10.2022,145,May,Spring,NA,54.349,10.15,31.1,4,4,Seastore_Project,SP,leaf_piece,Kiel Bay,Germany,8,NA,2.18E-06,5.10E-05,13.86539173,-3.64,
K_RQ4_SGO_t4_1,515F-806R-P02-C06-SeaStore-Seq02-2022-2-K-RQ2-SGO-t4-2,1183F-1443R-P02-C06-SeaStore-Seq02-2022-2-K-RQ2-SGO-t4-2,old_leaf,Kiel,2022-05-25,24.08.2022,145,May,Spring,NA,54.349,10.15,34.4,5,4,Seastore_Project,SP,leaf_piece,Kiel Bay,Germany,8,NA,2.18E-06,5.10E-05,13.86539173,-3.64,
K_RQ4_SGO_t4_2,515F-806R-P02-D06-SeaStore-Seq02-2022-2-K-RQ2-SGO-t4-3,1183F-1443R-P02-D06-SeaStore-Seq02-2022-2-K-RQ2-SGO-t4-3,old_leaf,Kiel,2022-05-25,21.09.2022,145,May,Spring,NA,54.349,10.15,38,5,4,Seastore_Project,SP,leaf_piece,Kiel Bay,Germany,8,NA,2.18E-06,5.10E-05,13.86539173,-3.64,
K_RQ4_SGO_t4_3,515F-806R-P02-E06-SeaStore-Seq02-2022-2-K-RQ2-SGR-t4-1,1183F-1443R-P02-E06-SeaStore-Seq02-2022-2-K-RQ2-SGR-t4-1,old_leaf,Kiel,2022-05-25,12.10.2022,145,May,Spring,NA,54.349,10.15,25.6,3,4,Seastore_Project,SP,leaf_piece,Kiel Bay,Germany,8,NA,2.18E-06,5.10E-05,13.86539173,-3.64,
M_N_SGO_t0_1,515F-806R-P02-F10-SeaStore-Seq02-2022-2-KR1-SGR-3,1183F-1443R-P02-F10-SeaStore-Seq02-2022-2-KR1-SGR-3,old_leaf,Maasholm,2021-06-09,06.12.2021,160,June,Summer,NA,54.687,10.007,16.6,2,5,Seastore_Project,SP,leaf_piece,Kiel Bay,Germany,6,13.1253061,0.018783412,0.2279180821,21.46413422,0,
L_11_SGO_b,515F-806R-P02-B11-SeaStore-Seq02-2022-2-KR2-water-in,1183F-1443R-P02-B11-SeaStore-Seq02-2022-2-KR2-water-in,old_leaf,GEOMAR_Lab,2021-10-01,16.12.2021,274,October,Autumn,NA,NA,NA,71,4,4,Seastore_Project,SP,leaf_piece,Lab,Germany,NA,NA,NA,NA,NA,NA,
L_11_SGO_y,515F-806R-P02-C11-SeaStore-Seq02-2022-2-ASR-S-cap-out-6,1183F-1443R-P02-C11-SeaStore-Seq02-2022-2-ASR-S-cap-out-6,old_leaf,GEOMAR_Lab,2021-10-01,17.12.2021,274,October,Autumn,NA,NA,NA,62,4,4,Seastore_Project,SP,leaf_piece,Lab,Germany,NA,NA,NA,NA,NA,NA,
L_11_SGO_r,515F-806R-P02-D11-SeaStore-Seq02-2022-2-SGO-Kos,1183F-1443R-P02-D11-SeaStore-Seq02-2022-2-SGO-Kos,old_leaf,GEOMAR_Lab,2021-10-01,16.12.2021,274,October,Autumn,NA,NA,NA,78,4,3,Seastore_Project,SP,leaf_piece,Lab,Germany,NA,NA,NA,NA,NA,NA,
M_N_SGO_t0_2,515F-806R-P02-F11-SeaStore-Seq02-2022-2-water-in-Kos,1183F-1443R-P02-F11-SeaStore-Seq02-2022-2-water-in-Kos,old_leaf,Maasholm,2021-06-10,26.11.2021,161,June,Summer,NA,54.687,10.007,21.2,3,7,Seastore_Project,SP,leaf_piece,Kiel Bay,Germany,6,13.50905609,0.018783412,0.2279180821,21.46413422,0,
M_N_SGO_t0_3,515F-806R-P02-E12-SeaStore-Seq02-2022-2-M-RQ3-SGO-t4-1,1183F-1443R-P02-E12-SeaStore-Seq02-2022-2-M-RQ3-SGO-t4-1,old_leaf,Maasholm,2021-06-10,15.12.2021,161,June,Summer,NA,54.687,10.007,20.5,3.5,3,Seastore_Project,SP,leaf_piece,Kiel Bay,Germany,6,13.50905609,0.018783412,0.2279180821,21.46413422,0,
ASD_SGO_1,515F-806R-P03-B02-SeaStore-Seq03-2022-2-GR19-SGR-2,1183F-1443R-P03-B02-SeaStore-Seq03-2022-2-GR19-SGR-2,old_leaf,Askerön,2021-07-21,03.11.2021,202,July,Summer,NA,58.084,11.717,45.2,3.5,4,Seastore_Project,SP,leaf_piece,Askeröfjord,Sweden,8,NA,5.68E-04,0.01810692838,25.49300957,-3.05,
KR1_SGO_1,515F-806R-P03-D02-SeaStore-Seq03-2022-2-S-out-Kos,1183F-1443R-P03-D02-SeaStore-Seq03-2022-2-S-out-Kos,old_leaf,Koster,2021-08-10,21.10.2022,222,August,Summer,NA,58.864,11.038,32,5,5,Seastore_Project,SP,leaf_piece,Kosterfjord,Sweden,1,19.4262018,0.018783412,0.2279180821,34.84975433,0,
KR1_SGO_2,515F-806R-P03-E02-SeaStore-Seq03-2022-2-K-RQ3-S-t4-1,1183F-1443R-P03-E02-SeaStore-Seq03-2022-2-K-RQ3-S-t4-1,old_leaf,Koster,2021-08-10,21.10.2022,222,August,Summer,NA,58.864,11.038,17.9,3.5,5,Seastore_Project,SP,leaf_piece,Kosterfjord,Sweden,1,19.4262018,0.018783412,0.2279180821,34.84975433,0,
KR1_SGO_3,515F-806R-P03-F02-SeaStore-Seq03-2022-2-K-RQ4-S-t4-2,1183F-1443R-P03-F02-SeaStore-Seq03-2022-2-K-RQ4-S-t4-2,old_leaf,Koster,2021-08-10,21.10.2022,222,August,Summer,NA,58.864,11.038,36.4,6.5,7,Seastore_Project,SP,leaf_piece,Kosterfjord,Sweden,1,19.4262018,0.018783412,0.2279180821,34.84975433,0,
KR2_SGO_1,515F-806R-P03-B04-SeaStore-Seq03-2022-2-K-RQ2-S-t4-2,1183F-1443R-P03-B04-SeaStore-Seq03-2022-2-K-RQ2-S-t4-2,old_leaf,Koster,2021-08-10,21.10.2022,222,August,Summer,NA,58.883,11.005,48.6,6.5,6,Seastore_Project,SP,leaf_piece,Kosterfjord,Sweden,1,19.41951269,0.018783412,0.2279180821,34.83201981,0,
KR2_SGO_2,515F-806R-P03-C04-SeaStore-Seq03-2022-2-K-RQ2-S-t4-3,1183F-1443R-P03-C04-SeaStore-Seq03-2022-2-K-RQ2-S-t4-3,old_leaf,Koster,2021-08-10,09.11.2022,222,August,Summer,NA,58.883,11.005,49.5,5.5,7,Seastore_Project,SP,leaf_piece,Kosterfjord,Sweden,1,19.41951269,0.018783412,0.2279180821,34.83201981,0,
KR2_SGO_3,515F-806R-P03-D04-SeaStore-Seq03-2022-2-ASD-SGO-1,1183F-1443R-P03-D04-SeaStore-Seq03-2022-2-ASD-SGO-1,old_leaf,Koster,2021-08-10,18.11.2022,222,August,Summer,NA,58.883,11.005,31.2,6.3,5,Seastore_Project,SP,leaf_piece,Kosterfjord,Sweden,1,19.41951269,0.018783412,0.2279180821,34.83201981,0,
ASR_SGO_1,515F-806R-P03-F06-SeaStore-Seq03-2022-2-KR1-S-out-2,1183F-1443R-P03-F06-SeaStore-Seq03-2022-2-KR1-S-out-2,old_leaf,Askerön,2021-07-21,21.10.2022,202,July,Summer,NA,58.084,11.734,38.4,6,6,Seastore_Project,SP,leaf_piece,Askeröfjord,Sweden,8,NA,0.018783412,0.2279180821,15.61851692,0,
ASR_SGO_2,515F-806R-P03-G06-SeaStore-Seq03-2022-2-KR2-S-in-1,1183F-1443R-P03-G06-SeaStore-Seq03-2022-2-KR2-S-in-1,old_leaf,Askerön,2021-07-21,21.10.2022,202,July,Summer,NA,58.084,11.734,38.6,5,6,Seastore_Project,SP,leaf_piece,Askeröfjord,Sweden,8,NA,0.018783412,0.2279180821,15.61851692,0,
ASD_SGO_2,515F-806R-P03-H06-SeaStore-Seq03-2022-2-KR2-S-out-1,1183F-1443R-P03-H06-SeaStore-Seq03-2022-2-KR2-S-out-1,old_leaf,Askerön,2021-07-21,08.11.2022,202,July,Summer,NA,58.084,11.717,57,5,3,Seastore_Project,SP,leaf_piece,Askeröfjord,Sweden,8,NA,5.68E-04,0.01810692838,25.49300957,-3.05,
ASR_SGO_3,515F-806R-P03-A07-SeaStore-Seq03-2022-2-K-RQ4-SGR-t4-1,1183F-1443R-P03-A07-SeaStore-Seq03-2022-2-K-RQ4-SGR-t4-1,old_leaf,Askerön,2021-07-21,21.10.2022,202,July,Summer,NA,58.084,11.734,31.5,5,7,Seastore_Project,SP,leaf_piece,Askeröfjord,Sweden,8,NA,0.018783412,0.2279180821,15.61851692,0,
ASD_SGO_3,515F-806R-P03-F07-SeaStore-Seq03-2022-2-M-RQ3-S-t4-1,1183F-1443R-P03-F07-SeaStore-Seq03-2022-2-M-RQ3-S-t4-1,old_leaf,Askerön,2021-07-21,29.09.2021,202,July,Summer,NA,58.084,11.717,83.4,5,5,Seastore_Project,SP,leaf_piece,Askeröfjord,Sweden,8,NA,5.68E-04,0.01810692838,25.49300957,-3.05,
GD_SGO_1,515F-806R-P03-H08-SeaStore-Seq03-2022-2-KR2-S-out-2,1183F-1443R-P03-H08-SeaStore-Seq03-2022-2-KR2-S-out-2,old_leaf,Gasö,2021-07-21,NA,202,July,Summer,NA,58.231,11.398,87.6,8,5,Seastore_Project,SP,leaf_piece,Gasöfjord,Sweden,NA,NA,NA,NA,NA,NA,
GD_SGO_2,515F-806R-P03-A09-SeaStore-Seq03-2022-2-KR2-S-out-3,1183F-1443R-P03-A09-SeaStore-Seq03-2022-2-KR2-S-out-3,old_leaf,Gasö,2021-07-27,09.11.2022,208,July,Summer,NA,58.231,11.398,118.2,1,5,Seastore_Project,SP,leaf_piece,Gasöfjord,Sweden,5,20.51777122,0.1022027249,0.744295368,34.69461823,-2.55,
GD_SGO_3,515F-806R-P03-B09-SeaStore-Seq03-2022-2-SGR-Kos,1183F-1443R-P03-B09-SeaStore-Seq03-2022-2-SGR-Kos,old_leaf,Gasö,2021-07-27,08.11.2022,208,July,Summer,NA,58.231,11.398,78.5,7,5,Seastore_Project,SP,leaf_piece,Gasöfjord,Sweden,5,20.51777122,0.1022027249,0.744295368,34.69461823,-2.55,
GR15_SGO_1,515F-806R-P03-B10-SeaStore-Seq03-2022-2-ASD-S-out-3,1183F-1443R-P03-B10-SeaStore-Seq03-2022-2-ASD-S-out-3,old_leaf,Gasö,2021-07-27,NA,208,July,Summer,NA,58.231,11.398,60.1,7,4,Seastore_Project,SP,leaf_piece,Gasöfjord,Sweden,5,20.51777122,0.1022027249,0.744295368,34.69461823,-2.55,
GR15_SGO_3,515F-806R-P03-C10-SeaStore-Seq03-2022-2-ASR-S-ref-1,1183F-1443R-P03-C10-SeaStore-Seq03-2022-2-ASR-S-ref-1,old_leaf,Gasö,2021-07-27,NA,208,July,Summer,NA,58.231,11.398,44.5,6,6,Seastore_Project,SP,leaf_piece,Gasöfjord,Sweden,5,20.51777122,0.1022027249,0.744295368,34.69461823,-2.55,
GR19_SGO_1,515F-806R-P03-G11-SeaStore-Seq03-2022-2-ASR-S-cap-out-4,1183F-1443R-P03-G11-SeaStore-Seq03-2022-2-ASR-S-cap-out-4,old_leaf,Gasö,2021-07-27,09.11.2022,208,July,Summer,NA,58.231,11.398,96.4,6,6,Seastore_Project,SP,leaf_piece,Gasöfjord,Sweden,5,20.51777122,0.1022027249,0.744295368,34.69461823,-2.55,
GR19_SGO_2,515F-806R-P03-H11-SeaStore-Seq03-2022-2-SGO-Kos,1183F-1443R-P03-H11-SeaStore-Seq03-2022-2-SGO-Kos,old_leaf,Gasö,2021-07-27,NA,208,July,Summer,NA,58.231,11.398,69,4.5,6,Seastore_Project,SP,leaf_piece,Gasöfjord,Sweden,5,20.51777122,0.1022027249,0.744295368,34.69461823,-2.55,
GR19_SGO_3,515F-806R-P03-A12-SeaStore-Seq03-2022-2-SGR-Kos,1183F-1443R-P03-A12-SeaStore-Seq03-2022-2-SGR-Kos,old_leaf,Gasö,2021-07-27,NA,208,July,Summer,NA,58.231,11.398,109.5,9,5,Seastore_Project,SP,leaf_piece,Gasöfjord,Sweden,5,20.51777122,0.1022027249,0.744295368,34.69461823,-2.55,
GR19_SGO_2_2,515F-806R-P03-B12-SeaStore-Seq03-2022-2-SGR-Kos,1183F-1443R-P03-B12-SeaStore-Seq03-2022-2-SGR-Kos,old_leaf,Gasö,2021-07-27,18.11.2022,208,July,Summer,NA,58.231,11.398,NA,NA,NA,Seastore_Project,SP,leaf_piece,Gasöfjord,Sweden,5,20.51777122,0.1022027249,0.744295368,34.69461823,-2.55,
G_D_SGO_t0_1,515F-806R-P01-A07-K-RQ1-SGR-t5-2,1183F-1443R-P01-A07-K-RQ1-SGR-t5-2,old_leaf,Gelting,2022-05-11,24.08.2022,131,May,Spring,NA,54.767,9.877,NA,3,4,Seastore_Project,SP,leaf_piece,Kiel Bay,Germany,6,10.90079722,5.30E-06,0.001586354497,19.05716705,-4.09,
G_D_SGO_t0_2,515F-806R-P01-A08-S-10-in-Tja,1183F-1443R-P01-A08-S-10-in-Tja,old_leaf,Gelting,2022-05-11,21.09.2022,131,May,Spring,NA,54.767,9.877,NA,4,4,Seastore_Project,SP,leaf_piece,Kiel Bay,Germany,6,10.90079722,5.30E-06,0.001586354497,19.05716705,-4.09,
G_D_SGO_t0_3,515F-806R-P01-A09-K-RQ2-S-t5-2,1183F-1443R-P01-A09-K-RQ2-S-t5-2,old_leaf,Gelting,2022-05-11,07.10.2022,131,May,Spring,NA,54.767,9.877,NA,2,4,Seastore_Project,SP,leaf_piece,Kiel Bay,Germany,6,10.90079722,5.30E-06,0.001586354497,19.05716705,-4.09,
M_RQ3_SGO_t5_1,515F-806R-P01-B10-G-Q3-S-t4-3,1183F-1443R-P01-B10-G-Q3-S-t4-3,old_leaf,Maasholm,2023-05-24,08.08.2023,144,May,Spring,NA,54.687,10.007,NA,4,9,Seastore_Project,SP,leaf_piece,Kiel Bay,Germany,6,11.33843114,0.018783412,0.2279180821,16.37156105,0,
M_RQ3_SGO_t5_2,515F-806R-P01-B11-M-C-S-t5-3,1183F-1443R-P01-B11-M-C-S-t5-3,old_leaf,Maasholm,2023-05-24,09.08.2023,144,May,Spring,NA,54.687,10.007,NA,5,6,Seastore_Project,SP,leaf_piece,Kiel Bay,Germany,6,11.33843114,0.018783412,0.2279180821,16.37156105,0,
M_RQ3_SGO_t5_3,515F-806R-P01-B12-G-D-S-t4-1,1183F-1443R-P01-B12-G-D-S-t4-1,old_leaf,Maasholm,2023-05-24,10.08.2023,144,May,Spring,NA,54.687,10.007,NA,3,7,Seastore_Project,SP,leaf_piece,Kiel Bay,Germany,6,11.33843114,0.018783412,0.2279180821,16.37156105,0,
M_RQ4_SGO_t5_1,515F-806R-P01-C04-K-RQ3-SGO-t5-1,1183F-1443R-P01-C04-K-RQ3-SGO-t5-1,old_leaf,Maasholm,2023-05-24,08.08.2023,144,May,Spring,NA,54.687,10.007,NA,3,6,Seastore_Project,SP,leaf_piece,Kiel Bay,Germany,6,11.33843114,0.018783412,0.2279180821,16.37156105,0,
M_RQ4_SGO_t5_2,515F-806R-P01-C05-M-RQ3-SGO-t5-1,1183F-1443R-P01-C05-M-RQ3-SGO-t5-1,old_leaf,Maasholm,2023-05-24,09.08.2023,144,May,Spring,NA,54.687,10.007,NA,3.5,4,Seastore_Project,SP,leaf_piece,Kiel Bay,Germany,6,11.33843114,0.018783412,0.2279180821,16.37156105,0,
M_RQ4_SGO_t5_3,515F-806R-P01-C06-M-RQ4-SGR-t5-1,1183F-1443R-P01-C06-M-RQ4-SGR-t5-1,old_leaf,Maasholm,2023-05-24,10.08.2023,144,May,Spring,NA,54.687,10.007,NA,3,4,Seastore_Project,SP,leaf_piece,Kiel Bay,Germany,6,11.33843114,0.018783412,0.2279180821,16.37156105,0,
K_D_SGO_t5_1,515F-806R-P01-D08-K-RQ1-S-t5-1,1183F-1443R-P01-D08-K-RQ1-S-t5-1,old_leaf,Kiel,2023-05-22,08.08.2023,142,May,Spring,NA,54.346,10.154,NA,4,6,Seastore_Project,SP,leaf_piece,Kiel Bay,Germany,8,NA,7.87E-06,2.21E-04,14.94716454,-3.64,
K_D_SGO_t5_2,515F-806R-P01-D09-K-C-S-t5-3,1183F-1443R-P01-D09-K-C-S-t5-3,old_leaf,Kiel,2023-05-22,09.08.2023,142,May,Spring,NA,54.346,10.154,NA,5,7,Seastore_Project,SP,leaf_piece,Kiel Bay,Germany,8,NA,7.87E-06,2.21E-04,14.94716454,-3.64,
K_D_SGO_t5_3,515F-806R-P01-D10-G-Q3-S-t4-1,1183F-1443R-P01-D10-G-Q3-S-t4-1,old_leaf,Kiel,2023-05-22,10.08.2023,142,May,Spring,NA,54.346,10.154,NA,4,6,Seastore_Project,SP,leaf_piece,Kiel Bay,Germany,8,NA,7.87E-06,2.21E-04,14.94716454,-3.64,
K_RQ1_SGO_t5_1,515F-806R-P01-E02-K-RQ1-SGR-t5-3,1183F-1443R-P01-E02-K-RQ1-SGR-t5-3,old_leaf,Kiel,2023-05-23,08.08.2023,143,May,Spring,NA,54.349,10.15,NA,5,6,Seastore_Project,SP,leaf_piece,Kiel Bay,Germany,8,NA,3.08E-06,4.87E-05,14.94716454,-3.64,
K_RQ1_SGO_t5_2,515F-806R-P01-E03-blank6-empty,1183F-1443R-P01-E03-blank6-empty,old_leaf,Kiel,2023-05-23,09.08.2023,143,May,Spring,NA,54.349,10.15,NA,4,6,Seastore_Project,SP,leaf_piece,Kiel Bay,Germany,8,NA,3.08E-06,4.87E-05,14.94716454,-3.64,
K_RQ1_SGO_t5_3,515F-806R-P01-E04-K-RQ3-SGO-t5-3,1183F-1443R-P01-E04-K-RQ3-SGO-t5-3,old_leaf,Kiel,2023-05-23,10.08.2023,143,May,Spring,NA,54.349,10.15,NA,3,4,Seastore_Project,SP,leaf_piece,Kiel Bay,Germany,8,NA,3.08E-06,4.87E-05,14.94716454,-3.64,
K_RQ2_SGO_t5_1,515F-806R-P01-E08-M-RQ4-SGO-t5-1,1183F-1443R-P01-E08-M-RQ4-SGO-t5-1,old_leaf,Kiel,2023-05-22,08.08.2023,142,May,Spring,NA,54.349,10.15,NA,4,10,Seastore_Project,SP,leaf_piece,Kiel Bay,Germany,8,NA,3.00E-06,4.87E-05,14.94716454,-3.64,
K_RQ2_SGO_t5_2,515F-806R-P01-E09-K-RQ4-S-t5-3,1183F-1443R-P01-E09-K-RQ4-S-t5-3,old_leaf,Kiel,2023-05-22,09.08.2023,142,May,Spring,NA,54.349,10.15,NA,5,10,Seastore_Project,SP,leaf_piece,Kiel Bay,Germany,8,NA,3.00E-06,4.87E-05,14.94716454,-3.64,
K_RQ2_SGO_t5_3,515F-806R-P01-E10-M-C-S-t5-2,1183F-1443R-P01-E10-M-C-S-t5-2,old_leaf,Kiel,2023-05-22,10.08.2023,142,May,Spring,NA,54.349,10.15,NA,4,7,Seastore_Project,SP,leaf_piece,Kiel Bay,Germany,8,NA,3.00E-06,4.87E-05,14.94716454,-3.64,
K_RQ3_SGO_t5_1,515F-806R-P01-F02-K-RQ2-SGO-t5-1,1183F-1443R-P01-F02-K-RQ2-SGO-t5-1,old_leaf,Kiel,2023-05-25,08.08.2023,145,May,Spring,NA,54.349,10.15,NA,4,8,Seastore_Project,SP,leaf_piece,Kiel Bay,Germany,8,NA,2.52E-06,5.06E-05,14.94716454,-3.64,
K_RQ3_SGO_t5_2,515F-806R-P01-F03-K-D-SGO-t5-3,1183F-1443R-P01-F03-K-D-SGO-t5-3,old_leaf,Kiel,2023-05-25,09.08.2023,145,May,Spring,NA,54.349,10.15,NA,4,5,Seastore_Project,SP,leaf_piece,Kiel Bay,Germany,8,NA,2.52E-06,5.06E-05,14.94716454,-3.64,
K_RQ3_SGO_t5_3,515F-806R-P01-F04-M-RQ4-SGO-t5-3,1183F-1443R-P01-F04-M-RQ4-SGO-t5-3,old_leaf,Kiel,2023-05-25,10.08.2023,145,May,Spring,NA,54.349,10.15,NA,NA,4,Seastore_Project,SP,leaf_piece,Kiel Bay,Germany,8,NA,2.52E-06,5.06E-05,14.94716454,-3.64,
K_RQ4_SGO_t5_1,515F-806R-P01-F08-K-RQ3-SGR-t5-2,1183F-1443R-P01-F08-K-RQ3-SGR-t5-2,old_leaf,Kiel,2023-05-23,08.08.2023,143,May,Spring,NA,54.349,10.15,NA,8,4,Seastore_Project,SP,leaf_piece,Kiel Bay,Germany,8,NA,3.08E-06,4.87E-05,14.94716454,-3.64,
K_RQ4_SGO_t5_2,515F-806R-P01-F09-S-10-in-Bjo,1183F-1443R-P01-F09-S-10-in-Bjo,old_leaf,Kiel,2023-05-23,09.08.2023,143,May,Spring,NA,54.349,10.15,NA,5,4,Seastore_Project,SP,leaf_piece,Kiel Bay,Germany,8,NA,3.08E-06,4.87E-05,14.94716454,-3.64,
K_RQ4_SGO_t5_3,515F-806R-P01-F10-G-D-S-t4-3,1183F-1443R-P01-F10-G-D-S-t4-3,old_leaf,Kiel,2023-05-23,10.08.2023,143,May,Spring,NA,54.349,10.15,NA,4,4,Seastore_Project,SP,leaf_piece,Kiel Bay,Germany,8,NA,3.08E-06,4.87E-05,14.94716454,-3.64,
G_D_SGO_t4_1,515F-806R-P01-H09-SGR-10-Sli,1183F-1443R-P01-H09-SGR-10-Sli,old_leaf,Gelting,2023-06-20,08.08.2023,171,June,Summer,NA,54.767,9.877,NA,4.5,6,Seastore_Project,SP,leaf_piece,Kiel Bay,Germany,6,17.19660065,0.001724405328,0.08903993231,19.55888939,-4.09,
G_D_SGO_t4_2,515F-806R-P01-H10-G-Q4-S-t4-2,1183F-1443R-P01-H10-G-Q4-S-t4-2,old_leaf,Gelting,2023-06-20,09.08.2023,171,June,Summer,NA,54.767,9.877,NA,5,6,Seastore_Project,SP,leaf_piece,Kiel Bay,Germany,6,17.19660065,0.001724405328,0.08903993231,19.55888939,-4.09,
G_D_SGO_t4_3,515F-806R-P01-H11-K-RQ2-S-t5-1,1183F-1443R-P01-H11-K-RQ2-S-t5-1,old_leaf,Gelting,2023-06-20,10.08.2023,171,June,Summer,NA,54.767,9.877,NA,3.9,6,Seastore_Project,SP,leaf_piece,Kiel Bay,Germany,6,17.19660065,0.001724405328,0.08903993231,19.55888939,-4.09,
G_RQ4_SGO_t4_1,515F-806R-P02-A03-G-Q4-S-t0-3,1183F-1443R-P02-A03-G-Q4-S-t0-3,old_leaf,Gelting,2023-06-20,08.08.2023,171,June,Summer,NA,54.767,9.877,NA,3,6,Seastore_Project,SP,leaf_piece,Kiel Bay,Germany,6,17.19660065,0.001724405328,0.08903993231,19.55888939,-4.09,
G_RQ4_SGO_t4_2,515F-806R-P02-B01-K-RQ3-S-t5-2,1183F-1443R-P02-B01-K-RQ3-S-t5-2,old_leaf,Gelting,2023-06-20,09.08.2023,171,June,Summer,NA,54.767,9.877,NA,3,5,Seastore_Project,SP,leaf_piece,Kiel Bay,Germany,6,17.19660065,0.001724405328,0.08903993231,19.55888939,-4.09,
G_RQ4_SGO_t4_3,515F-806R-P02-B02-S-10-in-Sli,1183F-1443R-P02-B02-S-10-in-Sli,old_leaf,Gelting,2023-06-20,10.08.2023,171,June,Summer,NA,54.767,9.877,NA,4,6,Seastore_Project,SP,leaf_piece,Kiel Bay,Germany,6,17.19660065,0.001724405328,0.08903993231,19.55888939,-4.09,
B1,515YF-B806R-B1,1183F-1443R-B1,whole_plant,klosterloch,2015-08-26,21.04.2016,238,August,Summer,2.5,54.57827,13.12357,135,4.5,4,Hiddensee_Study,HS,swabbing,Western Pomerania Lagoon National Park,Germany,7,17.65194663,0.04566925113,0.762565565,9.663183212,-2.52,
B2,515YF-B806R-B2,1183F-1443R-B2,whole_plant,klosterloch,2015-08-26,11.01.2016,238,August,Summer,2.5,54.57827,13.12357,135,4.5,5,Hiddensee_Study,HS,swabbing,Western Pomerania Lagoon National Park,Germany,7,17.65194663,0.04566925113,0.762565565,9.663183212,-2.52,
B3,515YF-B806R-B3,1183F-1443R-B3,whole_plant,klosterloch,2015-08-26,07.01.2016,238,August,Summer,2.5,54.57827,13.12357,105,4,5,Hiddensee_Study,HS,swabbing,Western Pomerania Lagoon National Park,Germany,7,17.65194663,0.04566925113,0.762565565,9.663183212,-2.52,
B4,515YF-B806R-B4,1183F-1443R-B4,whole_plant,klosterloch,2015-08-26,02.11.2015,238,August,Summer,2.5,54.57827,13.12357,110,4,4,Hiddensee_Study,HS,swabbing,Western Pomerania Lagoon National Park,Germany,7,17.65194663,0.04566925113,0.762565565,9.663183212,-2.52,
B5,515YF-B806R-B5,1183F-1443R-B5,whole_plant,klosterloch,2015-08-26,02.05.2016,238,August,Summer,2.5,54.57827,13.12357,110,5,4,Hiddensee_Study,HS,swabbing,Western Pomerania Lagoon National Park,Germany,7,17.65194663,0.04566925113,0.762565565,9.663183212,-2.52,
B6,515YF-B806R-B6,1183F-1443R-B6,whole_plant,faehrinsel,2015-08-27,18.05.2016,239,August,Summer,3,54.55705,13.13677,90,4,4,Hiddensee_Study,HS,swabbing,Western Pomerania Lagoon National Park,Germany,8,17.74228517,0.04729419822,0.3578381553,9.559998512,-2.47,
B7,515YF-B806R-B7,1183F-1443R-B7,whole_plant,faehrinsel,2015-08-27,19.05.2016,239,August,Summer,3,54.55705,13.13677,115,3.5,5,Hiddensee_Study,HS,swabbing,Western Pomerania Lagoon National Park,Germany,8,17.74228517,0.04729419822,0.3578381553,9.559998512,-2.47,
B8,515YF-B806R-B8,1183F-1443R-B8,whole_plant,faehrinsel,2015-08-27,19.05.2016,239,August,Summer,3,54.55705,13.13677,94,4,4,Hiddensee_Study,HS,swabbing,Western Pomerania Lagoon National Park,Germany,8,17.74228517,0.04729419822,0.3578381553,9.559998512,-2.47,
B9,515YF-B806R-B9,1183F-1443R-B9,whole_plant,faehrinsel,2015-08-27,19.05.2016,239,August,Summer,3,54.55705,13.13677,125,4.5,5,Hiddensee_Study,HS,swabbing,Western Pomerania Lagoon National Park,Germany,8,17.74228517,0.04729419822,0.3578381553,9.559998512,-2.47,
B10,515YF-B806R-B10,1183F-1443R-B10,whole_plant,faehrinsel,2015-08-27,19.05.2016,239,August,Summer,3,54.55705,13.13677,95,3.5,4,Hiddensee_Study,HS,swabbing,Western Pomerania Lagoon National Park,Germany,8,17.74228517,0.04729419822,0.3578381553,9.559998512,-2.47,
L1,515YF-B806R-L1,1183F-1443R-L1,whole_plant,libben1,2015-08-28,10.05.2016,240,August,Summer,3.9,54.60116,13.15891,65,3,5,Hiddensee_Study,HS,swabbing,Western Pomerania Lagoon National Park,Germany,6,17.6412435,0.05494452455,0.6654866661,9.704210281,-4.47,
L2,515YF-B806R-L2,1183F-1443R-L2,whole_plant,libben1,2015-08-28,18.05.2016,240,August,Summer,3.9,54.60116,13.15891,67,3,5,Hiddensee_Study,HS,swabbing,Western Pomerania Lagoon National Park,Germany,6,17.6412435,0.05494452455,0.6654866661,9.704210281,-4.47,
L3,515YF-B806R-L3,1183F-1443R-L3,whole_plant,libben1,2015-08-28,19.05.2016,240,August,Summer,3.9,54.60116,13.15891,65,3,5,Hiddensee_Study,HS,swabbing,Western Pomerania Lagoon National Park,Germany,6,17.6412435,0.05494452455,0.6654866661,9.704210281,-4.47,
L4,515YF-B806R-L4,1183F-1443R-L4,whole_plant,libben1,2015-08-28,19.05.2016,240,August,Summer,3.9,54.60116,13.15891,62,3,5,Hiddensee_Study,HS,swabbing,Western Pomerania Lagoon National Park,Germany,6,17.6412435,0.05494452455,0.6654866661,9.704210281,-4.47,
L5,515YF-B806R-L5,1183F-1443R-L5,whole_plant,libben1,2015-08-28,19.05.2016,240,August,Summer,3.9,54.60116,13.15891,59,2.5,4,Hiddensee_Study,HS,swabbing,Western Pomerania Lagoon National Park,Germany,6,17.6412435,0.05494452455,0.6654866661,9.704210281,-4.47,
L6,515YF-B806R-L6,1183F-1443R-L6,whole_plant,libben2,2015-08-31,10.05.2016,243,August,Summer,5,54.59808,13.21117,65,4,4,Hiddensee_Study,HS,swabbing,Western Pomerania Lagoon National Park,Germany,6,17.63026136,0.02142209078,0.5689671152,9.358337402,-4.19,
L7,515YF-B806R-L7,1183F-1443R-L7,whole_plant,libben2,2015-08-31,21.04.2016,243,August,Summer,5,54.59808,13.21117,69,3.5,5,Hiddensee_Study,HS,swabbing,Western Pomerania Lagoon National Park,Germany,6,17.63026136,0.02142209078,0.5689671152,9.358337402,-4.19,
L8,515YF-B806R-L8,1183F-1443R-L8,whole_plant,libben2,2015-08-31,11.01.2016,243,August,Summer,5,54.59808,13.21117,73,4,4,Hiddensee_Study,HS,swabbing,Western Pomerania Lagoon National Park,Germany,6,17.63026136,0.02142209078,0.5689671152,9.358337402,-4.19,
L9,515YF-B806R-L9,1183F-1443R-L9,whole_plant,libben2,2015-08-31,07.01.2016,243,August,Summer,5,54.59808,13.21117,59,3.5,4,Hiddensee_Study,HS,swabbing,Western Pomerania Lagoon National Park,Germany,6,17.63026136,0.02142209078,0.5689671152,9.358337402,-4.19,
L10,515YF-B806R-L10,1183F-1443R-L10,whole_plant,libben2,2015-08-31,02.11.2015,243,August,Summer,5,54.59808,13.21117,46,2.5,4,Hiddensee_Study,HS,swabbing,Western Pomerania Lagoon National Park,Germany,6,17.63026136,0.02142209078,0.5689671152,9.358337402,-4.19,
Lx1,515YF-B806R-Lx1,1183F-1443R-Lx1,whole_plant,libbenX,2015-08-31,27.04.2016,243,August,Summer,7.1,54.61305,13.17829,64,3,4,Hiddensee_Study,HS,swabbing,Western Pomerania Lagoon National Park,Germany,6,17.53807043,0.04181826829,0.5479386313,9.383497238,-6.95,
Lx2,515YF-B806R-Lx2,1183F-1443R-Lx2,whole_plant,libbenX,2015-08-31,02.05.2016,243,August,Summer,7.1,54.61305,13.17829,57,2.5,5,Hiddensee_Study,HS,swabbing,Western Pomerania Lagoon National Park,Germany,6,17.53807043,0.04181826829,0.5479386313,9.383497238,-6.95,
Lx3,515YF-B806R-Lx3,1183F-1443R-Lx3,whole_plant,libbenX,2015-08-31,10.05.2016,243,August,Summer,7.1,54.61305,13.17829,59,3,5,Hiddensee_Study,HS,swabbing,Western Pomerania Lagoon National Park,Germany,6,17.53807043,0.04181826829,0.5479386313,9.383497238,-6.95,
Lx4,515YF-B806R-Lx4,1183F-1443R-Lx4,whole_plant,libbenX,2015-08-31,19.05.2016,243,August,Summer,7.1,54.61305,13.17829,76,3.5,4,Hiddensee_Study,HS,swabbing,Western Pomerania Lagoon National Park,Germany,6,17.53807043,0.04181826829,0.5479386313,9.383497238,-6.95,
Lx5,515YF-B806R-Lx5,1183F-1443R-Lx5,whole_plant,libbenX,2015-08-31,19.05.2016,243,August,Summer,7.1,54.61305,13.17829,72,3,5,Hiddensee_Study,HS,swabbing,Western Pomerania Lagoon National Park,Germany,6,17.53807043,0.04181826829,0.5479386313,9.383497238,-6.95,
S1,515YF-B806R-S1,1183F-1443R-S1,whole_plant,shaprode1,2015-09-01,02.05.2016,244,September,Autumn,3.4,54.51641,13.13775,100,4.5,4,Hiddensee_Study,HS,swabbing,Western Pomerania Lagoon National Park,Germany,8,17.50491538,0.02144445629,0.2027967987,9.161977768,-3.62,
S2,515YF-B806R-S2,1183F-1443R-S2,whole_plant,shaprode1,2015-09-01,21.04.2016,244,September,Autumn,3.4,54.51641,13.13775,105,4,4,Hiddensee_Study,HS,swabbing,Western Pomerania Lagoon National Park,Germany,8,17.50491538,0.02144445629,0.2027967987,9.161977768,-3.62,
S3,515YF-B806R-S3,1183F-1443R-S3,whole_plant,shaprode1,2015-09-01,11.01.2016,244,September,Autumn,3.4,54.51641,13.13775,100,4,4,Hiddensee_Study,HS,swabbing,Western Pomerania Lagoon National Park,Germany,8,17.50491538,0.02144445629,0.2027967987,9.161977768,-3.62,
S4,515YF-B806R-S4,1183F-1443R-S4,whole_plant,shaprode1,2015-09-01,07.01.2016,244,September,Autumn,3.4,54.51641,13.13775,105,5,4,Hiddensee_Study,HS,swabbing,Western Pomerania Lagoon National Park,Germany,8,17.50491538,0.02144445629,0.2027967987,9.161977768,-3.62,
S5,515YF-B806R-S5,1183F-1443R-S5,whole_plant,shaprode1,2015-09-01,02.11.2015,244,September,Autumn,3.4,54.51641,13.13775,105,5,4,Hiddensee_Study,HS,swabbing,Western Pomerania Lagoon National Park,Germany,8,17.50491538,0.02144445629,0.2027967987,9.161977768,-3.62,
S6,515YF-B806R-S6,1183F-1443R-S6,whole_plant,shaprode2,2015-09-01,27.04.2016,244,September,Autumn,1.9,54.51144,13.14459,25,2.5,4,Hiddensee_Study,HS,swabbing,Western Pomerania Lagoon National Park,Germany,8,17.50491538,0.02626282741,0.2487185871,9.161977768,-1.6,
S7,515YF-B806R-S7,1183F-1443R-S7,whole_plant,shaprode2,2015-09-01,27.04.2016,244,September,Autumn,1.9,54.51144,13.14459,29,3,4,Hiddensee_Study,HS,swabbing,Western Pomerania Lagoon National Park,Germany,8,17.50491538,0.02626282741,0.2487185871,9.161977768,-1.6,
S8,515YF-B806R-S8,1183F-1443R-S8,whole_plant,shaprode2,2015-09-01,02.05.2016,244,September,Autumn,1.9,54.51144,13.14459,30,3,5,Hiddensee_Study,HS,swabbing,Western Pomerania Lagoon National Park,Germany,8,17.50491538,0.02626282741,0.2487185871,9.161977768,-1.6,
S9,515YF-B806R-S9,1183F-1443R-S9,whole_plant,shaprode2,2015-09-01,10.05.2016,244,September,Autumn,1.9,54.51144,13.14459,34,3,5,Hiddensee_Study,HS,swabbing,Western Pomerania Lagoon National Park,Germany,8,17.50491538,0.02626282741,0.2487185871,9.161977768,-1.6,
S10,515YF-B806R-S10,1183F-1443R-S10,whole_plant,shaprode2,2015-09-01,18.05.2016,244,September,Autumn,1.9,54.51144,13.14459,30,3,5,Hiddensee_Study,HS,swabbing,Western Pomerania Lagoon National Park,Germany,8,17.50491538,0.02626282741,0.2487185871,9.161977768,-1.6,
B4-SGO-3,515F-806R-EMP2016-P03-B05-B4-SGO-3,1183F-1443R-P10-B05-B4-SGO-3,old_leaf,Lubmin,2020-09-18,15.12.2020,262,September,Autumn,2.15,54.13305,13.61388,110,3,4,Salinity_Gradient,SG,leaf_piece,Western Pomerania Lagoon National Park,Germany,4,17.20557685,0.001561914437,0.03547615177,15.34878635,-23.27,
B4-SGY-3,515F-806R-EMP2016-P03-D05-B4-SGY-3,1183F-1443R-P10-D05-B4-SGY-3,young_leaf,Lubmin,2020-09-18,15.12.2020,262,September,Autumn,2.15,54.13305,13.60262,136,4,NA,Salinity_Gradient,SG,leaf_piece,Western Pomerania Lagoon National Park,Germany,4,17.20557685,0.001561914437,0.03547615177,15.34878635,-23.27,
H1-SGO-1,515F-806R-EMP2016-P03-E05-H1-SGO-1,1183F-1443R-P10-E05-H1-SGO-1,old_leaf,Schaprode1,2020-07-14,11.12.2020,196,July,Summer,2.7,54.5145,13.61416,50,4,5,Salinity_Gradient,SG,leaf_piece,Western Pomerania Lagoon National Park,Germany,8,18.11374349,0.08046634962,0.5722182815,10.75862217,-2.08,
H1-SGY-1,515F-806R-EMP2016-P03-G05-H1-SGY-1,1183F-1443R-P10-G05-H1-SGY-1,young_leaf,Schaprode1,2020-07-14,07.10.2020,196,July,Summer,2.7,54.5145,13.61416,60,NA,NA,Salinity_Gradient,SG,leaf_piece,Western Pomerania Lagoon National Park,Germany,8,18.11374349,0.08046634962,0.5722182815,10.75862217,-2.08,
H4-SGO-1,515F-806R-EMP2016-P03-A06-H4-SGO-1,1183F-1443R-P10-A06-H4-SGO-1,old_leaf,Libben,2020-07-14,30.11.2020,196,July,Summer,3.1,54.60076,13.15375,45,4,6,Salinity_Gradient,SG,leaf_piece,Western Pomerania Lagoon National Park,Germany,6,17.64567059,0.08236506475,0.6804461776,15.91043377,-3.42,
H4-SGY-1,515F-806R-EMP2016-P03-C06-H4-SGY-1,1183F-1443R-P10-C06-H4-SGY-1,young_leaf,Libben,2020-07-14,30.11.2020,196,July,Summer,3.1,54.60076,13.15375,46,NA,NA,Salinity_Gradient,SG,leaf_piece,Western Pomerania Lagoon National Park,Germany,6,17.64567059,0.08236506475,0.6804461776,15.91043377,-3.42,
KF-SGO-5,515F-806R-EMP2016-P03-F06-KF-SGO-5,1183F-1443R-P10-F06-KF-SGO-5,old_leaf,Falckenstein,2020-06-23,13.01.2021,175,June,Summer,2.9,54.39403,10.1915,92,NA,NA,Salinity_Gradient,SG,leaf_piece,KielFjord,Germany,8,15.93086854,0.003045098237,0.1419216493,16.82980537,-1.55,
KF-SGY-5,515F-806R-EMP2016-P03-H06-KF-SGY-5,1183F-1443R-P10-H06-KF-SGY-5,young_leaf,Falckenstein,2020-06-23,11.12.2020,175,June,Summer,2.9,54.39403,10.1915,94,5,NA,Salinity_Gradient,SG,leaf_piece,KielFjord,Germany,8,15.93086854,0.003045098237,0.1419216493,16.82980537,-1.55,
KF-YPL-4d,515F-806R-EMP2016-P03-B07-KF-YPL-4d,1183F-1443R-P11-B07-KF-YPL-4d,young_leaf,Falckenstein,2020-06-23,14.01.2021,175,June,Summer,2.9,54.39403,10.1915,50,3,NA,Salinity_Gradient,SG,leaf_piece,KielFjord,Germany,8,15.93086854,0.003045098237,0.1419216493,16.82980537,-1.55,
KF-YPL-3d,515F-806R-EMP2016-P03-D07-KF-YPL-3d,1183F-1443R-P11-D07-KF-YPL-3d,young_leaf,Falckenstein,2020-06-23,14.01.2021,175,June,Summer,2.9,54.39403,10.1915,NA,NA,NA,Salinity_Gradient,SG,leaf_piece,KielFjord,Germany,8,15.93086854,0.003045098237,0.1419216493,16.82980537,-1.55,
KB-SGO-1,515F-806R-EMP2016-P03-E07-KB-SGO-1,1183F-1443R-P11-E07-KB-SGO-1,old_leaf,Badeanstalt,2020-06-23,15.12.2020,175,June,Summer,2.4,54.34957,10.14897,37,5,NA,Salinity_Gradient,SG,leaf_piece,KielFjord,Germany,8,NA,2.06E-05,6.34E-04,15.41676521,-2.97,
KB-SGY-1,515F-806R-EMP2016-P03-G07-KB-SGY-1,1183F-1443R-P11-G07-KB-SGY-1,young_leaf,Badeanstalt,2020-06-23,14.12.2020,175,June,Summer,2.4,54.34957,10.14897,56,3,NA,Salinity_Gradient,SG,leaf_piece,KielFjord,Germany,8,NA,2.06E-05,6.34E-04,15.41676521,-2.97,
KH-SGO-1,515F-806R-EMP2016-P03-A08-KH-SGO-1,1183F-1443R-P11-A08-KH-SGO-1,old_leaf,Heidkate,2020-06-24,30.11.2020,176,June,Summer,1.75,54.43638,10.32349,37,4,7,Salinity_Gradient,SG,leaf_piece,KielFjord,Germany,5,16.25399353,0.01514752857,0.2619116025,17.08588219,-1.73,
KH-SGY-1,515F-806R-EMP2016-P03-C08-KH-SGY-1,1183F-1443R-P11-C08-KH-SGY-1,young_leaf,Heidkate,2020-06-24,09.11.2020,176,June,Summer,1.75,54.43638,10.32349,40,4,5,Salinity_Gradient,SG,leaf_piece,KielFjord,Germany,5,16.25399353,0.01514752857,0.2619116025,17.08588219,-1.73,
NM-SGO-3,515F-806R-EMP2016-P03-E08-NM-SGO-3,1183F-1443R-P11-E08-NM-SGO-3,old_leaf,HamburgerHallig,2020-09-05,12.01.2021,249,September,Autumn,0.2,54.59842,8.81173,NA,NA,NA,Salinity_Gradient,SG,leaf_piece,NorthSea,Germany,NA,NA,NA,NA,NA,NA,
NM-SGY-3,515F-806R-EMP2016-P03-G08-NM-SGY-3,1183F-1443R-P11-G08-NM-SGY-3,young_leaf,HamburgerHallig,2020-09-05,07.12.2020,249,September,Autumn,0.2,54.59842,8.81173,NA,NA,NA,Salinity_Gradient,SG,leaf_piece,NorthSea,Germany,NA,NA,NA,NA,NA,NA,
PO-SGO-2,515F-806R-EMP2016-P03-B09-PO-SGO-2,1183F-1443R-P11-B09-PO-SGO-2,old_leaf,Poel,2020-06-24,28.01.2021,176,June,Summer,1,54.01201,11.41474,28,4,10,Salinity_Gradient,SG,leaf_piece,Mecklenburg Bay,Germany,6,16.50280603,0.0599828007,0.4817838935,13.69658279,-0.27,
PO-SGY-2,515F-806R-EMP2016-P03-D09-PO-SGY-2,1183F-1443R-P11-D09-PO-SGY-2,young_leaf,Poel,2020-06-24,08.09.2020,176,June,Summer,1,54.01201,11.41474,22,5,14,Salinity_Gradient,SG,leaf_piece,Mecklenburg Bay,Germany,6,16.50280603,0.0599828007,0.4817838935,13.69658279,-0.27,
RO-SGO-1,515F-806R-EMP2016-P03-E09-RO-SGO-1,1183F-1443R-P11-E09-RO-SGO-1,old_leaf,Warnemunde,2020-06-18,15.12.2020,170,June,Summer,2,54.17952,12.10381,57,5,5,Salinity_Gradient,SG,leaf_piece,Mecklenburg Bay,Germany,6,13.78784081,0.03225675469,0.240994879,15.233922,-3.74,
RO-SGY-1,515F-806R-EMP2016-P03-G09-RO-SGY-1,1183F-1443R-P11-G09-RO-SGY-1,young_leaf,Warnemunde,2020-06-18,15.12.2020,170,June,Summer,2,54.17952,12.10381,57,3,NA,Salinity_Gradient,SG,leaf_piece,Mecklenburg Bay,Germany,6,13.78784081,0.03225675469,0.240994879,15.233922,-3.74,
SR1-SGO-3,515F-806R-EMP2016-P03-A10-SR1-SGO-3,1183F-1443R-P12-A10-SR1-SGO-3,old_leaf,Having,2020-07-17,16.12.2020,199,July,Summer,2.4,54.34864,13.67622,102,3,5,Salinity_Gradient,SG,leaf_piece,Greifswald Bay,Germany,8,18.04655599,0.02027305004,0.2446382471,8.38737011,-2.72,
SR1-SGY-3,515F-806R-EMP2016-P03-C10-SR1-SGY-3,1183F-1443R-P12-C10-SR1-SGY-3,young_leaf,Having,2020-07-17,16.12.2020,199,July,Summer,2.4,54.34864,13.67622,87,4,4,Salinity_Gradient,SG,leaf_piece,Greifswald Bay,Germany,8,18.04655599,0.02027305004,0.2446382471,8.38737011,-2.72,
V1-SGO-3,515F-806R-EMP2016-P03-G10-V1-SGO-3,1183F-1443R-P12-G10-V1-SGO-3,old_leaf,Vilm1,2020-07-13,16.12.2020,195,July,Summer,1.65,54.31494,13.51433,57,2,NA,Salinity_Gradient,SG,leaf_piece,Mecklenburg Bay,Germany,6,19.37436846,0.01223278855,0.1917072702,7.14384079,-2.2,
V1-SGY-3,515F-806R-EMP2016-P03-A11-V1-SGY-3,1183F-1443R-P12-A11-V1-SGY-3,young_leaf,Vilm1,2020-07-13,16.12.2020,195,July,Summer,1.65,54.31494,13.51433,41,NA,NA,Salinity_Gradient,SG,leaf_piece,Mecklenburg Bay,Germany,6,19.37436846,0.01223278855,0.1917072702,7.14384079,-2.2,
GLO-SGO-1,515F-806R-EMP2016-GLO-SGO-1,1183F-1443R-GLO-SGO-1,old_leaf,Loissin,2019-06-11,18.02.2020,162,June,Summer,2.65,54.1388,13.5325,29,4,NA,Seagrass_Vibrio,SV,leaf_piece,Greifswald Bay,Germany,5,16.22305603,0.003084285034,0.03844454337,7.010326862,-2.74,
GLO-SGO-2,515F-806R-EMP2016-GLO-SGO-2,1183F-1443R-GLO-SGO-2,old_leaf,Loissin,2019-06-11,19.02.2020,162,June,Summer,2.65,54.1388,13.5325,22,3,NA,Seagrass_Vibrio,SV,leaf_piece,Greifswald Bay,Germany,5,16.22305603,0.003084285034,0.03844454337,7.010326862,-2.74,
GLO-SGO-3,515F-806R-EMP2016-GLO-SGO-3,1183F-1443R-GLO-SGO-3,old_leaf,Loissin,2019-06-11,19.02.2020,162,June,Summer,2.65,54.1388,13.5325,15,2.5,NA,Seagrass_Vibrio,SV,leaf_piece,Greifswald Bay,Germany,5,16.22305603,0.003084285034,0.03844454337,7.010326862,-2.74,
GLO-SGO-4,515F-806R-EMP2016-GLO-SGO-4,1183F-1443R-GLO-SGO-4,old_leaf,Loissin,2019-06-11,20.02.2020,162,June,Summer,2.65,54.1388,13.5325,22,3,NA,Seagrass_Vibrio,SV,leaf_piece,Greifswald Bay,Germany,5,16.22305603,0.003084285034,0.03844454337,7.010326862,-2.74,
GLO-SGY-1,515F-806R-EMP2016-GLO-SGY-1,1183F-1443R-GLO-SGY-1,young_leaf,Loissin,2019-06-11,18.02.2020,162,June,Summer,2.65,54.1388,13.5325,29,4,NA,Seagrass_Vibrio,SV,leaf_piece,Greifswald Bay,Germany,5,16.22305603,0.003084285034,0.03844454337,7.010326862,-2.74,
GLO-SGY-3,515F-806R-EMP2016-GLO-SGY-3,1183F-1443R-GLO-SGY-3,young_leaf,Loissin,2019-06-11,19.02.2020,162,June,Summer,2.65,54.1388,13.5325,15,2.5,NA,Seagrass_Vibrio,SV,leaf_piece,Greifswald Bay,Germany,5,16.22305603,0.003084285034,0.03844454337,7.010326862,-2.74,
GLO-SGY-4,515F-806R-EMP2016-GLO-SGY-4,1183F-1443R-GLO-SGY-4,young_leaf,Loissin,2019-06-11,20.02.2020,162,June,Summer,2.65,54.1388,13.5325,22,3,NA,Seagrass_Vibrio,SV,leaf_piece,Greifswald Bay,Germany,5,16.22305603,0.003084285034,0.03844454337,7.010326862,-2.74,
GH2-SGO-1,515F-806R-EMP2016-GH2-SGO-1,1183F-1443R-GH2-SGO-1,old_leaf,Klosterloch,2019-07-22,18.02.2020,203,July,Summer,2.6,54.5787,13.12525,82,5,5,Seagrass_Vibrio,SV,leaf_piece,Western Pomerania Lagoon National Park,Germany,8,17.15702476,0.03005030616,0.7643322026,16.31298447,-2.65,
GH2-SGO-2,515F-806R-EMP2016-GH2-SGO-2,1183F-1443R-GH2-SGO-2,old_leaf,Klosterloch,2019-07-22,19.02.2020,203,July,Summer,2.6,54.5787,13.12525,53,3,3,Seagrass_Vibrio,SV,leaf_piece,Western Pomerania Lagoon National Park,Germany,8,17.15702476,0.03005030616,0.7643322026,16.31298447,-2.65,
GH2-SGO-3,515F-806R-EMP2016-GH2-SGO-3,1183F-1443R-GH2-SGO-3,old_leaf,Klosterloch,2019-07-22,19.02.2020,203,July,Summer,2.6,54.5787,13.12525,76,5,5,Seagrass_Vibrio,SV,leaf_piece,Western Pomerania Lagoon National Park,Germany,8,17.15702476,0.03005030616,0.7643322026,16.31298447,-2.65,
GH2-SGO-4,515F-806R-EMP2016-GH2-SGO-4,1183F-1443R-GH2-SGO-4,old_leaf,Klosterloch,2019-07-22,20.02.2020,203,July,Summer,2.6,54.5787,13.12525,70,5,4,Seagrass_Vibrio,SV,leaf_piece,Western Pomerania Lagoon National Park,Germany,8,17.15702476,0.03005030616,0.7643322026,16.31298447,-2.65,
GH2-SGY-1,515F-806R-EMP2016-GH2-SGY-1,1183F-1443R-GH2-SGY-1,young_leaf,Klosterloch,2019-07-22,18.02.2020,203,July,Summer,2.6,54.5787,13.12525,82,5,5,Seagrass_Vibrio,SV,leaf_piece,Western Pomerania Lagoon National Park,Germany,8,17.15702476,0.03005030616,0.7643322026,16.31298447,-2.65,
GH2-SGY-2,515F-806R-EMP2016-GH2-SGY-2,1183F-1443R-GH2-SGY-2,young_leaf,Klosterloch,2019-07-22,19.02.2020,203,July,Summer,2.6,54.5787,13.12525,53,3,3,Seagrass_Vibrio,SV,leaf_piece,Western Pomerania Lagoon National Park,Germany,8,17.15702476,0.03005030616,0.7643322026,16.31298447,-2.65,
GH2-SGY-3,515F-806R-EMP2016-GH2-SGY-3,1183F-1443R-GH2-SGY-3,young_leaf,Klosterloch,2019-07-22,19.02.2020,203,July,Summer,2.6,54.5787,13.12525,76,5,5,Seagrass_Vibrio,SV,leaf_piece,Western Pomerania Lagoon National Park,Germany,8,17.15702476,0.03005030616,0.7643322026,16.31298447,-2.65,
GH2-SGY-4,515F-806R-EMP2016-GH2-SGY-4,1183F-1443R-GH2-SGY-4,young_leaf,Klosterloch,2019-07-22,20.02.2020,203,July,Summer,2.6,54.5787,13.12525,70,5,4,Seagrass_Vibrio,SV,leaf_piece,Western Pomerania Lagoon National Park,Germany,8,17.15702476,0.03005030616,0.7643322026,16.31298447,-2.65,
GH8-SGO-1,515F-806R-EMP2016-GH8-SGO-1,1183F-1443R-GH8-SGO-1,old_leaf,Rassower_Strom,2019-07-23,20.02.2020,204,July,Summer,3.4,54.56988,13.22657,85,4.5,5,Seagrass_Vibrio,SV,leaf_piece,Western Pomerania Lagoon National Park,Germany,7,17.28561851,0.007976640847,0.0891595355,13.03911304,-2.99,
GH8-SGO-2,515F-806R-EMP2016-GH8-SGO-2,1183F-1443R-GH8-SGO-2,old_leaf,Rassower_Strom,2019-07-23,06.02.2020,204,July,Summer,3.4,54.56988,13.22657,96,4.5,5,Seagrass_Vibrio,SV,leaf_piece,Western Pomerania Lagoon National Park,Germany,7,17.28561851,0.007976640847,0.0891595355,13.03911304,-2.99,
GH8-SGO-3,515F-806R-EMP2016-GH8-SGO-3,1183F-1443R-GH8-SGO-3,old_leaf,Rassower_Strom,2019-07-23,17.02.2020,204,July,Summer,3.4,54.56988,13.22657,82,5,4,Seagrass_Vibrio,SV,swabbing,Western Pomerania Lagoon National Park,Germany,7,17.28561851,0.007976640847,0.0891595355,13.03911304,-2.99,
GH8-SGO-4,515F-806R-EMP2016-GH8-SGO-4,1183F-1443R-GH8-SGO-4,old_leaf,Rassower_Strom,2019-07-23,20.02.2020,204,July,Summer,3.4,54.56988,13.22657,57,4,3,Seagrass_Vibrio,SV,leaf_piece,Western Pomerania Lagoon National Park,Germany,7,17.28561851,0.007976640847,0.0891595355,13.03911304,-2.99,
GH8-SGY-1,515F-806R-EMP2016-GH8-SGY-1,1183F-1443R-GH8-SGY-1,young_leaf,Rassower_Strom,2019-07-23,20.02.2020,204,July,Summer,3.4,54.56988,13.22657,85,4.5,5,Seagrass_Vibrio,SV,leaf_piece,Western Pomerania Lagoon National Park,Germany,7,17.28561851,0.007976640847,0.0891595355,13.03911304,-2.99,
GH8-SGY-2,515F-806R-EMP2016-GH8-SGY-2,1183F-1443R-GH8-SGY-2,young_leaf,Rassower_Strom,2019-07-23,17.02.2020,204,July,Summer,3.4,54.56988,13.22657,96,4.5,5,Seagrass_Vibrio,SV,swabbing,Western Pomerania Lagoon National Park,Germany,7,17.28561851,0.007976640847,0.0891595355,13.03911304,-2.99,
GH8-SGY-3,515F-806R-EMP2016-GH8-SGY-3,1183F-1443R-GH8-SGY-3,young_leaf,Rassower_Strom,2019-07-23,06.02.2020,204,July,Summer,3.4,54.56988,13.22657,82,5,4,Seagrass_Vibrio,SV,leaf_piece,Western Pomerania Lagoon National Park,Germany,7,17.28561851,0.007976640847,0.0891595355,13.03911304,-2.99,
GH8-SGY-4,515F-806R-EMP2016-GH8-SGY-4,1183F-1443R-GH8-SGY-4,young_leaf,Rassower_Strom,2019-07-23,20.02.2020,204,July,Summer,3.4,54.56988,13.22657,57,4,3,Seagrass_Vibrio,SV,leaf_piece,Western Pomerania Lagoon National Park,Germany,7,17.28561851,0.007976640847,0.0891595355,13.03911304,-2.99,
GH9-SGO-1,515F-806R-EMP2016-GH9-SGO-1,1183F-1443R-GH9-SGO-1,old_leaf,Leuchtturm,2019-07-23,18.02.2020,204,July,Summer,3,54.58645,13.16232,43,2,4,Seagrass_Vibrio,SV,leaf_piece,Western Pomerania Lagoon National Park,Germany,7,17.20579708,0.009215817616,0.205342415,16.31298447,-3.46,
GH9-SGO-2,515F-806R-EMP2016-GH9-SGO-2,1183F-1443R-GH9-SGO-2,old_leaf,Leuchtturm,2019-07-23,19.02.2020,204,July,Summer,3,54.58645,13.16232,51,3.5,6,Seagrass_Vibrio,SV,leaf_piece,Western Pomerania Lagoon National Park,Germany,7,17.20579708,0.009215817616,0.205342415,16.31298447,-3.46,
GH9-SGO-3,515F-806R-EMP2016-GH9-SGO-3,1183F-1443R-GH9-SGO-3,old_leaf,Leuchtturm,2019-07-23,19.02.2020,204,July,Summer,3,54.58645,13.16232,36,2,5,Seagrass_Vibrio,SV,leaf_piece,Western Pomerania Lagoon National Park,Germany,7,17.20579708,0.009215817616,0.205342415,16.31298447,-3.46,
GH9-SGO-4,515F-806R-EMP2016-GH9-SGO-4,1183F-1443R-GH9-SGO-4,old_leaf,Leuchtturm,2019-07-23,20.02.2020,204,July,Summer,3,54.58645,13.16232,57,3,4,Seagrass_Vibrio,SV,leaf_piece,Western Pomerania Lagoon National Park,Germany,7,17.20579708,0.009215817616,0.205342415,16.31298447,-3.46,
GH9-SGY-1,515F-806R-EMP2016-GH9-SGY-1,1183F-1443R-GH9-SGY-1,young_leaf,Leuchtturm,2019-07-23,18.02.2020,204,July,Summer,3,54.58645,13.16232,43,2,4,Seagrass_Vibrio,SV,leaf_piece,Western Pomerania Lagoon National Park,Germany,7,17.20579708,0.009215817616,0.205342415,16.31298447,-3.46,
GH9-SGY-2,515F-806R-EMP2016-GH9-SGY-2,1183F-1443R-GH9-SGY-2,young_leaf,Leuchtturm,2019-07-23,19.02.2020,204,July,Summer,3,54.58645,13.16232,51,3.5,6,Seagrass_Vibrio,SV,leaf_piece,Western Pomerania Lagoon National Park,Germany,7,17.20579708,0.009215817616,0.205342415,16.31298447,-3.46,
GH9-SGY-3,515F-806R-EMP2016-GH9-SGY-3,1183F-1443R-GH9-SGY-3,young_leaf,Leuchtturm,2019-07-23,19.02.2020,204,July,Summer,3,54.58645,13.16232,36,2,5,Seagrass_Vibrio,SV,leaf_piece,Western Pomerania Lagoon National Park,Germany,7,17.20579708,0.009215817616,0.205342415,16.31298447,-3.46,
GH9-SGY-4,515F-806R-EMP2016-GH9-SGY-4,1183F-1443R-GH9-SGY-4,young_leaf,Leuchtturm,2019-07-23,20.02.2020,204,July,Summer,3,54.58645,13.16232,57,3,4,Seagrass_Vibrio,SV,leaf_piece,Western Pomerania Lagoon National Park,Germany,7,17.20579708,0.009215817616,0.205342415,16.31298447,-3.46,
SBJ-SGO-1,515F-806R-EMP2016-SBJ-SGO-1,1183F-1443R-SBJ-SGO-1,old_leaf,Bjoernoe,2019-07-27,18.02.2020,208,July,Summer,3.4,59.22,18.5508,48,4,NA,Seagrass_Vibrio,SV,leaf_piece,Stockholm Archipelago,Sweden,6,16.71099352,0.018783412,0.2279180821,6.190001488,0,
SBJ-SGO-2,515F-806R-EMP2016-SBJ-SGO-2,1183F-1443R-SBJ-SGO-2,old_leaf,Bjoernoe,2019-07-27,19.02.2020,208,July,Summer,3.4,59.22,18.5508,43,4,NA,Seagrass_Vibrio,SV,leaf_piece,Stockholm Archipelago,Sweden,6,16.71099352,0.018783412,0.2279180821,6.190001488,0,
SBJ-SGO-3,515F-806R-EMP2016-SBJ-SGO-3,1183F-1443R-SBJ-SGO-3,old_leaf,Bjoernoe,2019-07-27,19.02.2020,208,July,Summer,3.4,59.22,18.5508,24,2.5,NA,Seagrass_Vibrio,SV,leaf_piece,Stockholm Archipelago,Sweden,6,16.71099352,0.018783412,0.2279180821,6.190001488,0,
SBJ-SGO-4,515F-806R-EMP2016-SBJ-SGO-4,1183F-1443R-SBJ-SGO-4,old_leaf,Bjoernoe,2019-07-27,18.02.2020,208,July,Summer,3.4,59.22,18.5508,40,3,NA,Seagrass_Vibrio,SV,leaf_piece,Stockholm Archipelago,Sweden,6,16.71099352,0.018783412,0.2279180821,6.190001488,0,
SBJ-SGY-1,515F-806R-EMP2016-SBJ-SGY-1,1183F-1443R-SBJ-SGY-1,young_leaf,Bjoernoe,2019-07-27,18.02.2020,208,July,Summer,3.4,59.22,18.5508,48,4,NA,Seagrass_Vibrio,SV,leaf_piece,Stockholm Archipelago,Sweden,6,16.71099352,0.018783412,0.2279180821,6.190001488,0,
SBJ-SGY-2,515F-806R-EMP2016-SBJ-SGY-2,1183F-1443R-SBJ-SGY-2,young_leaf,Bjoernoe,2019-07-27,19.02.2020,208,July,Summer,3.4,59.22,18.5508,43,4,NA,Seagrass_Vibrio,SV,leaf_piece,Stockholm Archipelago,Sweden,6,16.71099352,0.018783412,0.2279180821,6.190001488,0,
SBJ-SGY-3,515F-806R-EMP2016-SBJ-SGY-3,1183F-1443R-SBJ-SGY-3,young_leaf,Bjoernoe,2019-07-27,19.02.2020,208,July,Summer,3.4,59.22,18.5508,24,2.5,NA,Seagrass_Vibrio,SV,leaf_piece,Stockholm Archipelago,Sweden,6,16.71099352,0.018783412,0.2279180821,6.190001488,0,
SBJ-SGY-4,515F-806R-EMP2016-SBJ-SGY-4,1183F-1443R-SBJ-SGY-4,young_leaf,Bjoernoe,2019-07-27,20.02.2020,208,July,Summer,3.4,59.22,18.5508,40,3,NA,Seagrass_Vibrio,SV,leaf_piece,Stockholm Archipelago,Sweden,6,16.71099352,0.018783412,0.2279180821,6.190001488,0,
SHV-SGO-1,515F-806R-EMP2016-SHV-SGO-1,1183F-1443R-SHV-SGO-1,old_leaf,Herrvik,2019-09-03,17.02.2020,246,September,Autumn,2,57.4365,18.902,36,3,NA,Seagrass_Vibrio,SV,leaf_piece,Gotland,Sweden,5,18.38009765,0.02212737669,0.2755513646,7.057081699,-3.1,
SHV-SGO-2,515F-806R-EMP2016-SHV-SGO-2,1183F-1443R-SHV-SGO-2,old_leaf,Herrvik,2019-09-03,17.02.2020,246,September,Autumn,2,57.4365,18.902,50,3,NA,Seagrass_Vibrio,SV,leaf_piece,Gotland,Sweden,5,18.38009765,0.02212737669,0.2755513646,7.057081699,-3.1,
SHV-SGO-3,515F-806R-EMP2016-SHV-SGO-3,1183F-1443R-SHV-SGO-3,old_leaf,Herrvik,2019-09-03,20.02.2020,246,September,Autumn,2,57.4365,18.902,34,2,NA,Seagrass_Vibrio,SV,leaf_piece,Gotland,Sweden,5,18.38009765,0.02212737669,0.2755513646,7.057081699,-3.1,
SHV-SGO-4,515F-806R-EMP2016-SHV-SGO-4,1183F-1443R-SHV-SGO-4,old_leaf,Herrvik,2019-09-03,20.02.2020,246,September,Autumn,2,57.4365,18.902,31,2,NA,Seagrass_Vibrio,SV,leaf_piece,Gotland,Sweden,5,18.38009765,0.02212737669,0.2755513646,7.057081699,-3.1,
SHV-SGY-1,515F-806R-EMP2016-SHV-SGY-1,1183F-1443R-SHV-SGY-1,young_leaf,Herrvik,2019-09-03,20.02.2020,246,September,Autumn,2,57.4365,18.902,36,3,NA,Seagrass_Vibrio,SV,leaf_piece,Gotland,Sweden,5,18.38009765,0.02212737669,0.2755513646,7.057081699,-3.1,
SHV-SGY-3,515F-806R-EMP2016-SHV-SGY-3,1183F-1443R-SHV-SGY-3,young_leaf,Herrvik,2019-09-03,06.02.2020,246,September,Autumn,2,57.4365,18.902,34,2,NA,Seagrass_Vibrio,SV,leaf_piece,Gotland,Sweden,5,18.38009765,0.02212737669,0.2755513646,7.057081699,-3.1,
SHV-SGY-4,515F-806R-EMP2016-SHV-SGY-4,1183F-1443R-SHV-SGY-4,young_leaf,Herrvik,2019-09-03,20.02.2020,246,September,Autumn,2,57.4365,18.902,31,2,NA,Seagrass_Vibrio,SV,leaf_piece,Gotland,Sweden,5,18.38009765,0.02212737669,0.2755513646,7.057081699,-3.1,
BV1-SGO-3,515F-806R-P01-G06-AB-BV1-SGF-3,1183F-1443R-P01-G06-AB-BV1-SGF-3,old_leaf,Bökevik1,2021-07-20,19.08.2021,201,July,Summer,5,58.24901,11.44854,64,4.5,5,Germination_Experiment,GE,leaf_piece,Gasöfjord,Sweden,6,20.22155594,0.018783412,0.2279180821,33.03594589,0,1183F-1443R-P01-1183F-1443R-P01-G06-AB-BV1-SGF-3
BV1-SGY-3,515F-806R-P01-C07-AB-BV1-SGY-3,1183F-1443R-P01-C07-AB-BV1-SGY-3,young_leaf,Bökevik1,2021-07-20,19.08.2021,201,July,Summer,5,58.24901,11.44854,25,4,4,Germination_Experiment,GE,leaf_piece,Gasöfjord,Sweden,6,20.22155594,0.018783412,0.2279180821,33.03594589,0,1183F-1443R-P01-1183F-1443R-P01-C07-AB-BV1-SGY-3
BV2-SGO-3,515F-806R-P01-F07-AB-BV2-SGO-3,1183F-1443R-P01-F07-AB-BV2-SGO-3,old_leaf,Bökevik2,2021-07-28,24.09.2021,209,July,Summer,5,58.24901,11.44854,149,6,4,Germination_Experiment,GE,leaf_piece,Gasöfjord,Sweden,6,20.63093094,0.018783412,0.2279180821,33.38567352,0,1183F-1443R-P01-1183F-1443R-P01-F07-AB-BV2-SGO-3
BV2-SGY-3,515F-806R-P01-B08-AB-BV2-SGY-3,1183F-1443R-P01-B08-AB-BV2-SGY-3,young_leaf,Bökevik2,2021-07-28,24.09.2021,209,July,Summer,5,58.24901,11.44854,31,4.5,6,Germination_Experiment,GE,leaf_piece,Gasöfjord,Sweden,6,20.63093094,0.018783412,0.2279180821,33.38567352,0,1183F-1443R-P01-1183F-1443R-P01-B08-AB-BV2-SGY-3
BV3-SGO-3,515F-806R-P01-C08-AB-BV3-SGO-3,1183F-1443R-P01-C08-AB-BV3-SGO-3,old_leaf,Bökevik3,2021-08-02,16.11.2021,214,August,Summer,5,58.24901,11.44854,102,6,4,Germination_Experiment,GE,leaf_piece,Gasöfjord,Sweden,6,20.13874345,0.018783412,0.2279180821,33.38567352,0,1183F-1443R-P01-1183F-1443R-P01-C08-AB-BV3-SGO-3
BV3-SGY-3,515F-806R-P01-G08-AB-BV3-SGY-3,1183F-1443R-P01-G08-AB-BV3-SGY-3,young_leaf,Bökevik3,2021-08-02,19.08.2021,214,August,Summer,5,58.24901,11.44854,25,4,5,Germination_Experiment,GE,leaf_piece,Gasöfjord,Sweden,6,20.13874345,0.018783412,0.2279180821,33.38567352,0,1183F-1443R-P01-1183F-1443R-P01-G08-AB-BV3-SGY-3
BV4-SGO-3,515F-806R-P01-H08-AB-BV4-SGO-3,1183F-1443R-P01-H08-AB-BV4-SGO-3,old_leaf,Bökevik4,2021-08-11,01.10.2021,223,August,Summer,5,58.24901,11.44854,66,5,4,Germination_Experiment,GE,leaf_piece,Gasöfjord,Sweden,6,19.37499346,0.018783412,0.2279180821,32.42298508,0,1183F-1443R-P01-1183F-1443R-P01-H08-AB-BV4-SGO-3
BV4-SGY-3,515F-806R-P01-D09-AB-BV4-SGY-3,1183F-1443R-P01-D09-AB-BV4-SGY-3,young_leaf,Bökevik4,2021-08-11,26.10.2021,223,August,Summer,5,58.24901,11.44854,29,4.5,4,Germination_Experiment,GE,leaf_piece,Gasöfjord,Sweden,6,19.37499346,0.018783412,0.2279180821,32.42298508,0,1183F-1443R-P01-1183F-1443R-P01-D09-AB-BV4-SGY-3