Sample_ID,Sample_type,Site,Extraction_date,Julian_day,Month,Season,Depth,Latitude,Longitude,Sample_date,Shoot_Length,Leaf_Width,No_Leaves,Salinity,Temperature,Dataset,Dataset_short,Dislodgment_method,Area,Country,LibrarySize_16S,Bathymetry,Richness_16S,Shannon_16S,Orbital_Velocity_from_Max,Orbital_Velocity_from_Mean,Orbital_Velocity
B1,whole plant,klosterloch,21.04.2016,238,August,Summer,2.5,54.57827,13.12357,26.08.2015,135,4.5,4,NA,NA,Hiddensee_Study,HS,swabbing,Western Pomerania Lagoon National Park,Germany,59761,-2.52,944,6.028812842,0.576327,0.7191241,Growing Season
B10,whole plant,faehrinsel,19.05.2016,239,August,Summer,3,54.55705,13.13677,27.08.2015,95,3.5,4,NA,NA,Hiddensee_Study,HS,swabbing,Western Pomerania Lagoon National Park,Germany,12123,-2.47,498,5.5973339,0.7100287,0.9078668,Growing Season
B2,whole plant,klosterloch,11.01.2016,238,August,Summer,2.5,54.57827,13.12357,26.08.2015,135,4.5,5,NA,NA,Hiddensee_Study,HS,swabbing,Western Pomerania Lagoon National Park,Germany,45556,-2.52,915,6.068706554,0.576327,0.7191241,Growing Season
B3,whole plant,klosterloch,07.01.2016,238,August,Summer,2.5,54.57827,13.12357,26.08.2015,105,4,5,NA,NA,Hiddensee_Study,HS,swabbing,Western Pomerania Lagoon National Park,Germany,24744,-2.52,773,6.007990494,0.576327,0.7191241,Growing Season
B4,whole plant,klosterloch,02.11.2015,238,August,Summer,2.5,54.57827,13.12357,26.08.2015,110,4,4,NA,NA,Hiddensee_Study,HS,swabbing,Western Pomerania Lagoon National Park,Germany,41139,-2.52,919,6.097289631,0.576327,0.7191241,Growing Season
B5,whole plant,klosterloch,02.05.2016,238,August,Summer,2.5,54.57827,13.12357,26.08.2015,110,5,4,NA,NA,Hiddensee_Study,HS,swabbing,Western Pomerania Lagoon National Park,Germany,50547,-2.52,1037,6.256051612,0.576327,0.7191241,Growing Season
B6,whole plant,faehrinsel,18.05.2016,239,August,Summer,3,54.55705,13.13677,27.08.2015,90,4,4,NA,NA,Hiddensee_Study,HS,swabbing,Western Pomerania Lagoon National Park,Germany,51965,-2.47,796,5.59995788,0.7100287,0.9078668,Growing Season
B7,whole plant,faehrinsel,19.05.2016,239,August,Summer,3,54.55705,13.13677,27.08.2015,115,3.5,5,NA,NA,Hiddensee_Study,HS,swabbing,Western Pomerania Lagoon National Park,Germany,28323,-2.47,631,5.635567962,0.7100287,0.9078668,Growing Season
B8,whole plant,faehrinsel,19.05.2016,239,August,Summer,3,54.55705,13.13677,27.08.2015,94,4,4,NA,NA,Hiddensee_Study,HS,swabbing,Western Pomerania Lagoon National Park,Germany,20182,-2.47,524,5.206445682,0.7100287,0.9078668,Growing Season
B9,whole plant,faehrinsel,19.05.2016,239,August,Summer,3,54.55705,13.13677,27.08.2015,125,4.5,5,NA,NA,Hiddensee_Study,HS,swabbing,Western Pomerania Lagoon National Park,Germany,27455,-2.47,613,5.476978319,0.7100287,0.9078668,Growing Season
L1,whole plant,libben1,10.05.2016,240,August,Summer,3.9,54.60116,13.15891,28.08.2015,65,3,5,NA,NA,Hiddensee_Study,HS,swabbing,Western Pomerania Lagoon National Park,Germany,26318,-4.47,436,5.027868109,0.5334319,0.6941602,Growing Season
L10,whole plant,libben2,02.11.2015,243,August,Summer,5,54.59808,13.21117,31.08.2015,46,2.5,4,NA,NA,Hiddensee_Study,HS,swabbing,Western Pomerania Lagoon National Park,Germany,16701,-4.19,399,4.984034521,0.7910902,1.0564476,Growing Season
L2,whole plant,libben1,18.05.2016,240,August,Summer,3.9,54.60116,13.15891,28.08.2015,67,3,5,NA,NA,Hiddensee_Study,HS,swabbing,Western Pomerania Lagoon National Park,Germany,45783,-4.47,467,4.73623487,0.5334319,0.6941602,Growing Season
L3,whole plant,libben1,19.05.2016,240,August,Summer,3.9,54.60116,13.15891,28.08.2015,65,3,5,NA,NA,Hiddensee_Study,HS,swabbing,Western Pomerania Lagoon National Park,Germany,14075,-4.47,327,4.994820879,0.5334319,0.6941602,Growing Season
L4,whole plant,libben1,19.05.2016,240,August,Summer,3.9,54.60116,13.15891,28.08.2015,62,3,5,NA,NA,Hiddensee_Study,HS,swabbing,Western Pomerania Lagoon National Park,Germany,14178,-4.47,366,5.129576433,0.5334319,0.6941602,Growing Season
L5,whole plant,libben1,19.05.2016,240,August,Summer,3.9,54.60116,13.15891,28.08.2015,59,2.5,4,NA,NA,Hiddensee_Study,HS,swabbing,Western Pomerania Lagoon National Park,Germany,46603,-4.47,597,5.379803994,0.5334319,0.6941602,Growing Season
L6,whole plant,libben2,10.05.2016,243,August,Summer,5,54.59808,13.21117,31.08.2015,65,4,4,NA,NA,Hiddensee_Study,HS,swabbing,Western Pomerania Lagoon National Park,Germany,15017,-4.19,376,4.71365195,0.7910902,1.0564476,Growing Season
L7,whole plant,libben2,21.04.2016,243,August,Summer,5,54.59808,13.21117,31.08.2015,69,3.5,5,NA,NA,Hiddensee_Study,HS,swabbing,Western Pomerania Lagoon National Park,Germany,13971,-4.19,387,5.107144499,0.7910902,1.0564476,Growing Season
L8,whole plant,libben2,11.01.2016,243,August,Summer,5,54.59808,13.21117,31.08.2015,73,4,4,NA,NA,Hiddensee_Study,HS,swabbing,Western Pomerania Lagoon National Park,Germany,26825,-4.19,522,5.250169547,0.7910902,1.0564476,Growing Season
L9,whole plant,libben2,07.01.2016,243,August,Summer,5,54.59808,13.21117,31.08.2015,59,3.5,4,NA,NA,Hiddensee_Study,HS,swabbing,Western Pomerania Lagoon National Park,Germany,24438,-4.19,524,5.320188097,0.7910902,1.0564476,Growing Season
Lx1,whole plant,libbenX,27.04.2016,243,August,Summer,7.1,54.61305,13.17829,31.08.2015,64,3,4,NA,NA,Hiddensee_Study,HS,swabbing,Western Pomerania Lagoon National Park,Germany,19434,-6.95,309,4.675608658,0.4953635,0.6481705,Growing Season
Lx2,whole plant,libbenX,02.05.2016,243,August,Summer,7.1,54.61305,13.17829,31.08.2015,57,2.5,5,NA,NA,Hiddensee_Study,HS,swabbing,Western Pomerania Lagoon National Park,Germany,28499,-6.95,355,4.770467533,0.4953635,0.6481705,Growing Season
Lx3,whole plant,libbenX,10.05.2016,243,August,Summer,7.1,54.61305,13.17829,31.08.2015,59,3,5,NA,NA,Hiddensee_Study,HS,swabbing,Western Pomerania Lagoon National Park,Germany,24135,-6.95,373,4.904275355,0.4953635,0.6481705,Growing Season
Lx4,whole plant,libbenX,19.05.2016,243,August,Summer,7.1,54.61305,13.17829,31.08.2015,76,3.5,4,NA,NA,Hiddensee_Study,HS,swabbing,Western Pomerania Lagoon National Park,Germany,24662,-6.95,335,4.686773356,0.4953635,0.6481705,Growing Season
Lx5,whole plant,libbenX,19.05.2016,243,August,Summer,7.1,54.61305,13.17829,31.08.2015,72,3,5,NA,NA,Hiddensee_Study,HS,swabbing,Western Pomerania Lagoon National Park,Germany,34814,-6.95,377,4.829821085,0.4953635,0.6481705,Growing Season
S1,whole plant,shaprode1,02.05.2016,244,September,Autumn,3.4,54.51641,13.13775,01.09.2015,100,4.5,4,NA,NA,Hiddensee_Study,HS,swabbing,Western Pomerania Lagoon National Park,Germany,10137,-3.62,440,5.422658355,0.8747315,1.1350252,Growing Season
S10,whole plant,shaprode2,18.05.2016,244,September,Autumn,1.9,54.51144,13.14459,01.09.2015,30,3,5,NA,NA,Hiddensee_Study,HS,swabbing,Western Pomerania Lagoon National Park,Germany,24582,-1.6,584,5.428714633,0.9571334,1.1864998,Growing Season
S3,whole plant,shaprode1,11.01.2016,244,September,Autumn,3.4,54.51641,13.13775,01.09.2015,100,4,4,NA,NA,Hiddensee_Study,HS,swabbing,Western Pomerania Lagoon National Park,Germany,5948,-3.62,327,5.139249451,0.8747315,1.1350252,Growing Season
S4,whole plant,shaprode1,07.01.2016,244,September,Autumn,3.4,54.51641,13.13775,01.09.2015,105,5,4,NA,NA,Hiddensee_Study,HS,swabbing,Western Pomerania Lagoon National Park,Germany,13891,-3.62,494,5.460974397,0.8747315,1.1350252,Growing Season
S5,whole plant,shaprode1,02.11.2015,244,September,Autumn,3.4,54.51641,13.13775,01.09.2015,105,5,4,NA,NA,Hiddensee_Study,HS,swabbing,Western Pomerania Lagoon National Park,Germany,13158,-3.62,503,5.565853391,0.8747315,1.1350252,Growing Season
S6,whole plant,shaprode2,27.04.2016,244,September,Autumn,1.9,54.51144,13.14459,01.09.2015,25,2.5,4,NA,NA,Hiddensee_Study,HS,swabbing,Western Pomerania Lagoon National Park,Germany,16962,-1.6,454,5.046272082,0.9571334,1.1864998,Growing Season
S7,whole plant,shaprode2,27.04.2016,244,September,Autumn,1.9,54.51144,13.14459,01.09.2015,29,3,4,NA,NA,Hiddensee_Study,HS,swabbing,Western Pomerania Lagoon National Park,Germany,35040,-1.6,653,5.433920892,0.9571334,1.1864998,Growing Season
S8,whole plant,shaprode2,02.05.2016,244,September,Autumn,1.9,54.51144,13.14459,01.09.2015,30,3,5,NA,NA,Hiddensee_Study,HS,swabbing,Western Pomerania Lagoon National Park,Germany,29151,-1.6,669,5.618665521,0.9571334,1.1864998,Growing Season
GH2-SGO-1,old_leaf,Klosterloch,18.02.2020,203,July,Summer,2.6,54.5787,13.12525,22.07.2019,82,5,5,9.35,20.8,Seagrass_Vibrio,SV,whole_leaf,Western Pomerania Lagoon National Park,Germany,33443,-2.65,605,5.526586247,0.5695512,0.713555,Growing Season
GH2-SGO-2,old_leaf,Klosterloch,19.02.2020,203,July,Summer,2.6,54.5787,13.12525,22.07.2019,53,3,3,9.35,20.8,Seagrass_Vibrio,SV,whole_leaf,Western Pomerania Lagoon National Park,Germany,68720,-2.65,738,5.475204336,0.5695512,0.713555,Growing Season
GH2-SGO-3,old_leaf,Klosterloch,19.02.2020,203,July,Summer,2.6,54.5787,13.12525,22.07.2019,76,5,5,9.35,20.8,Seagrass_Vibrio,SV,whole_leaf,Western Pomerania Lagoon National Park,Germany,105243,-2.65,536,4.273910476,0.5695512,0.713555,Growing Season
GH2-SGO-4,old_leaf,Klosterloch,20.02.2020,203,July,Summer,2.6,54.5787,13.12525,22.07.2019,70,5,4,9.35,20.8,Seagrass_Vibrio,SV,whole_leaf,Western Pomerania Lagoon National Park,Germany,94294,-2.65,552,4.407103596,0.5695512,0.713555,Growing Season
GH2-SGY-1,young_leaf,Klosterloch,18.02.2020,203,July,Summer,2.6,54.5787,13.12525,22.07.2019,82,5,5,9.35,20.8,Seagrass_Vibrio,SV,whole_leaf,Western Pomerania Lagoon National Park,Germany,52741,-2.65,311,3.121414495,0.5695512,0.713555,Growing Season
GH2-SGY-2,young_leaf,Klosterloch,19.02.2020,203,July,Summer,2.6,54.5787,13.12525,22.07.2019,53,3,3,9.35,20.8,Seagrass_Vibrio,SV,whole_leaf,Western Pomerania Lagoon National Park,Germany,49157,-2.65,344,3.606315377,0.5695512,0.713555,Growing Season
GH2-SGY-3,young_leaf,Klosterloch,19.02.2020,203,July,Summer,2.6,54.5787,13.12525,22.07.2019,76,5,5,9.35,20.8,Seagrass_Vibrio,SV,whole_leaf,Western Pomerania Lagoon National Park,Germany,69028,-2.65,368,3.461331383,0.5695512,0.713555,Growing Season
GH2-SGY-4,young_leaf,Klosterloch,20.02.2020,203,July,Summer,2.6,54.5787,13.12525,22.07.2019,70,5,4,9.35,20.8,Seagrass_Vibrio,SV,whole_leaf,Western Pomerania Lagoon National Park,Germany,100839,-2.65,329,3.499182947,0.5695512,0.713555,Growing Season
GH8-SGO-1,old_leaf,Rassower_Strom,20.02.2020,204,July,Summer,3.4,54.569883,13.226567,23.07.2019,85,4.5,5,9.31,20.6,Seagrass_Vibrio,SV,whole_leaf,Western Pomerania Lagoon National Park,Germany,86003,-2.99,975,5.950051668,1.0412667,1.411592,Growing Season
GH8-SGO-2,old_leaf,Rassower_Strom,06.02.2020,204,July,Summer,3.4,54.569883,13.226567,23.07.2019,96,4.5,5,9.31,20.6,Seagrass_Vibrio,SV,whole_leaf,Western Pomerania Lagoon National Park,Germany,45537,-2.99,910,6.037275586,1.0412667,1.411592,Growing Season
GH8-SGO-3,old_leaf,Rassower_Strom,17.02.2020,204,July,Summer,3.4,54.569883,13.226567,23.07.2019,82,5,4,9.31,20.6,Seagrass_Vibrio,SV,swabbing,Western Pomerania Lagoon National Park,Germany,38278,-2.99,668,5.272159053,1.0412667,1.411592,Growing Season
GH8-SGO-4,old_leaf,Rassower_Strom,20.02.2020,204,July,Summer,3.4,54.569883,13.226567,23.07.2019,57,4,3,9.31,20.6,Seagrass_Vibrio,SV,whole_leaf,Western Pomerania Lagoon National Park,Germany,48910,-2.99,832,5.760064208,1.0412667,1.411592,Growing Season
GH8-SGY-1,young_leaf,Rassower_Strom,20.02.2020,204,July,Summer,3.4,54.569883,13.226567,23.07.2019,85,4.5,5,9.31,20.6,Seagrass_Vibrio,SV,whole_leaf,Western Pomerania Lagoon National Park,Germany,80983,-2.99,567,3.929955858,1.0412667,1.411592,Growing Season
GH8-SGY-2,young_leaf,Rassower_Strom,17.02.2020,204,July,Summer,3.4,54.569883,13.226567,23.07.2019,96,4.5,5,9.31,20.6,Seagrass_Vibrio,SV,swabbing,Western Pomerania Lagoon National Park,Germany,31279,-2.99,424,3.616644027,1.0412667,1.411592,Growing Season
GH8-SGY-3,young_leaf,Rassower_Strom,06.02.2020,204,July,Summer,3.4,54.569883,13.226567,23.07.2019,82,5,4,9.31,20.6,Seagrass_Vibrio,SV,whole_leaf,Western Pomerania Lagoon National Park,Germany,45289,-2.99,506,4.114385494,1.0412667,1.411592,Growing Season
GH8-SGY-4,young_leaf,Rassower_Strom,20.02.2020,204,July,Summer,3.4,54.569883,13.226567,23.07.2019,57,4,3,9.31,20.6,Seagrass_Vibrio,SV,whole_leaf,Western Pomerania Lagoon National Park,Germany,67805,-2.99,477,3.540827565,1.0412667,1.411592,Growing Season
GH9-SGO-1,old_leaf,Leuchtturm,18.02.2020,204,July,Summer,3,54.58645,13.162317,23.07.2019,43,2,3.5,8.93,18.8,Seagrass_Vibrio,SV,whole_leaf,Western Pomerania Lagoon National Park,Germany,10135,-3.46,191,3.497674134,0.6897605,0.910444,Growing Season
GH9-SGO-2,old_leaf,Leuchtturm,19.02.2020,204,July,Summer,3,54.58645,13.162317,23.07.2019,51,3.5,5.5,8.93,18.8,Seagrass_Vibrio,SV,whole_leaf,Western Pomerania Lagoon National Park,Germany,11074,-3.46,195,4.162869909,0.6897605,0.910444,Growing Season
GH9-SGO-3,old_leaf,Leuchtturm,19.02.2020,204,July,Summer,3,54.58645,13.162317,23.07.2019,36,2,4.5,8.93,18.8,Seagrass_Vibrio,SV,whole_leaf,Western Pomerania Lagoon National Park,Germany,6741,-3.46,160,3.869074575,0.6897605,0.910444,Growing Season
GH9-SGO-4,old_leaf,Leuchtturm,20.02.2020,204,July,Summer,3,54.58645,13.162317,23.07.2019,57,3,4,8.93,18.8,Seagrass_Vibrio,SV,whole_leaf,Western Pomerania Lagoon National Park,Germany,12076,-3.46,191,3.737526781,0.6897605,0.910444,Growing Season
GH9-SGY-1,young_leaf,Leuchtturm,18.02.2020,204,July,Summer,3,54.58645,13.162317,23.07.2019,43,2,3.5,8.93,18.8,Seagrass_Vibrio,SV,whole_leaf,Western Pomerania Lagoon National Park,Germany,9614,-3.46,158,3.669609563,0.6897605,0.910444,Growing Season
GH9-SGY-2,young_leaf,Leuchtturm,19.02.2020,204,July,Summer,3,54.58645,13.162317,23.07.2019,51,3.5,5.5,8.93,18.8,Seagrass_Vibrio,SV,whole_leaf,Western Pomerania Lagoon National Park,Germany,17731,-3.46,138,2.987156925,0.6897605,0.910444,Growing Season
GH9-SGY-3,young_leaf,Leuchtturm,19.02.2020,204,July,Summer,3,54.58645,13.162317,23.07.2019,36,2,4.5,8.93,18.8,Seagrass_Vibrio,SV,whole_leaf,Western Pomerania Lagoon National Park,Germany,13584,-3.46,377,5.119514816,0.6897605,0.910444,Growing Season
GH9-SGY-4,young_leaf,Leuchtturm,20.02.2020,204,July,Summer,3,54.58645,13.162317,23.07.2019,57,3,4,8.93,18.8,Seagrass_Vibrio,SV,whole_leaf,Western Pomerania Lagoon National Park,Germany,50667,-3.46,215,3.667466835,0.6897605,0.910444,Growing Season
GLO-SGO-1,old_leaf,Loissin,18.02.2020,162,June,Summer,2.65,54.1388,13.5325,11.06.2019,29,4,NA,NA,7.5,Seagrass_Vibrio,SV,whole_leaf,Greifswald Bay,Germany,15113,-2.74,210,4.032248731,0.7285759,0.9512524,Growing Season
GLO-SGO-2,old_leaf,Loissin,19.02.2020,162,June,Summer,2.65,54.1388,13.5325,11.06.2019,22,3,NA,NA,7.5,Seagrass_Vibrio,SV,whole_leaf,Greifswald Bay,Germany,38850,-2.74,279,4.217479163,0.7285759,0.9512524,Growing Season
GLO-SGO-3,old_leaf,Loissin,19.02.2020,162,June,Summer,2.65,54.1388,13.5325,11.06.2019,15,2.5,NA,NA,7.5,Seagrass_Vibrio,SV,whole_leaf,Greifswald Bay,Germany,32262,-2.74,259,4.12057883,0.7285759,0.9512524,Growing Season
GLO-SGO-4,old_leaf,Loissin,20.02.2020,162,June,Summer,2.65,54.1388,13.5325,11.06.2019,22,3,NA,NA,7.5,Seagrass_Vibrio,SV,whole_leaf,Greifswald Bay,Germany,28963,-2.74,281,3.897054859,0.7285759,0.9512524,Growing Season
GLO-SGY-3,young_leaf,Loissin,19.02.2020,162,June,Summer,2.65,54.1388,13.5325,11.06.2019,15,2.5,NA,NA,7.5,Seagrass_Vibrio,SV,whole_leaf,Greifswald Bay,Germany,38280,-2.74,119,3.088312334,0.7285759,0.9512524,Growing Season
GLO-SGY-4,young_leaf,Loissin,20.02.2020,162,June,Summer,2.65,54.1388,13.5325,11.06.2019,22,3,NA,NA,7.5,Seagrass_Vibrio,SV,whole_leaf,Greifswald Bay,Germany,8950,-2.74,89,3.077809894,0.7285759,0.9512524,Growing Season
SBJ-SGO-1,old_leaf,Bjoernoe,18.02.2020,208,July,Summer,3.4,59.22,18.5508,27.07.2019,48,4,NA,3.8,5,Seagrass_Vibrio,SV,whole_leaf,Stockholm Archipelago,Sweden,26113,0,313,4.385752612,3.0634977,3.6390525,Growing Season
SBJ-SGO-2,old_leaf,Bjoernoe,19.02.2020,208,July,Summer,3.4,59.22,18.5508,27.07.2019,43,4,NA,3.8,5,Seagrass_Vibrio,SV,whole_leaf,Stockholm Archipelago,Sweden,29289,0,324,4.156687536,3.0634977,3.6390525,Growing Season
SBJ-SGO-3,old_leaf,Bjoernoe,19.02.2020,208,July,Summer,3.4,59.22,18.5508,27.07.2019,24,2.5,NA,3.8,5,Seagrass_Vibrio,SV,whole_leaf,Stockholm Archipelago,Sweden,21798,0,188,3.418762005,3.0634977,3.6390525,Growing Season
SBJ-SGO-4,old_leaf,Bjoernoe,18.02.2020,208,July,Summer,3.4,59.22,18.5508,27.07.2019,40,3,NA,3.8,5,Seagrass_Vibrio,SV,whole_leaf,Stockholm Archipelago,Sweden,56485,0,459,4.500847286,3.0634977,3.6390525,Growing Season
SBJ-SGY-1,young_leaf,Bjoernoe,18.02.2020,208,July,Summer,3.4,59.22,18.5508,27.07.2019,48,4,NA,3.8,5,Seagrass_Vibrio,SV,whole_leaf,Stockholm Archipelago,Sweden,20711,0,211,3.590333573,3.0634977,3.6390525,Growing Season
SBJ-SGY-2,young_leaf,Bjoernoe,19.02.2020,208,July,Summer,3.4,59.22,18.5508,27.07.2019,43,4,NA,3.8,5,Seagrass_Vibrio,SV,whole_leaf,Stockholm Archipelago,Sweden,48779,0,322,3.625061754,3.0634977,3.6390525,Growing Season
SBJ-SGY-3,young_leaf,Bjoernoe,19.02.2020,208,July,Summer,3.4,59.22,18.5508,27.07.2019,24,2.5,NA,3.8,5,Seagrass_Vibrio,SV,whole_leaf,Stockholm Archipelago,Sweden,41886,0,359,4.39781886,3.0634977,3.6390525,Growing Season
SBJ-SGY-4,young_leaf,Bjoernoe,20.02.2020,208,July,Summer,3.4,59.22,18.5508,27.07.2019,40,3,NA,3.8,5,Seagrass_Vibrio,SV,whole_leaf,Stockholm Archipelago,Sweden,49402,0,552,4.439833881,3.0634977,3.6390525,Growing Season
SHV-SGO-1,old_leaf,Herrvik,17.02.2020,246,September,Autumn,2,57.4365,18.902,03.09.2019,36,3,NA,NA,8,Seagrass_Vibrio,SV,whole_leaf,Gotland,Sweden,81698,-3.1,247,2.396449771,0.3259326,0.391836,Growing Season
SHV-SGO-2,old_leaf,Herrvik,17.02.2020,246,September,Autumn,2,57.4365,18.902,03.09.2019,50,3,NA,NA,8,Seagrass_Vibrio,SV,whole_leaf,Gotland,Sweden,51576,-3.1,170,1.486186844,0.3259326,0.391836,Growing Season
SHV-SGO-3,old_leaf,Herrvik,20.02.2020,246,September,Autumn,2,57.4365,18.902,03.09.2019,34,2,NA,NA,8,Seagrass_Vibrio,SV,whole_leaf,Gotland,Sweden,101595,-3.1,217,2.106511333,0.3259326,0.391836,Growing Season
SHV-SGO-4,old_leaf,Herrvik,20.02.2020,246,September,Autumn,2,57.4365,18.902,03.09.2019,31,2,NA,NA,8,Seagrass_Vibrio,SV,whole_leaf,Gotland,Sweden,22890,-3.1,105,1.123253262,0.3259326,0.391836,Growing Season
SHV-SGY-3,young_leaf,Herrvik,06.02.2020,246,September,Autumn,2,57.4365,18.902,03.09.2019,34,2,NA,NA,8,Seagrass_Vibrio,SV,whole_leaf,Gotland,Sweden,52777,-3.1,168,2.431649807,0.3259326,0.391836,Growing Season
SHV-SGY-4,young_leaf,Herrvik,20.02.2020,246,September,Autumn,2,57.4365,18.902,03.09.2019,31,2,NA,NA,8,Seagrass_Vibrio,SV,whole_leaf,Gotland,Sweden,31543,-3.1,118,2.010606476,0.3259326,0.391836,Growing Season
H4-SGO-1,old_leaf,Libben,30.11.2020,196,July,Summer,3.1,54.600764,13.153746,14.07.2020,45,4,6,9.5,NA,Salinity_Gradient,SG,whole_leaf,Western Pomerania Lagoon National Park,Germany,105731,-3.42,162,1.761970824,0.5494925,0.7027595,Growing Season
KH-SGO-1,old_leaf,Heidkate,30.11.2020,176,June,Summer,1.75,54.436383,10.323491,24.06.2020,37,4,7,14,NA,Salinity_Gradient,SG,whole_leaf,KielFjord,Germany,37225,-1.73,283,3.239308247,0.639884,0.7792914,Growing Season
SR1-SGO-3,old_leaf,Having,16.12.2020,199,July,Summer,2.4,54.348635,13.676224,17.07.2020,102,3,5,9,NA,Salinity_Gradient,SG,whole_leaf,Greifswald Bay,Germany,43760,-2.72,329,3.551736865,0.6341661,0.784072,Growing Season
V1-SGY-3,young_leaf,Vilm1,16.12.2020,195,July,Summer,1.65,54.314936,13.514327,13.07.2020,41,NA,NA,8.5,NA,Salinity_Gradient,SG,whole_leaf,Mecklenburg Bay,Germany,35801,-2.2,153,3.532183966,0.8780277,1.1106649,Growing Season
B4-SGO-3,old_leaf,Lubmin,15.12.2020,262,September,Autumn,2.15,54.6,13.602617,18.09.2020,110,3,4,7,NA,Salinity_Gradient,SG,whole_leaf,Western Pomerania Lagoon National Park,Germany,56412,-23.27,470,4.058720246,0.3009123,0.3777391,Growing Season
KF-YPL-4d,young_leaf,Falckenstein,14.01.2021,175,June,Summer,2.9,54.394034,10.191501,23.06.2020,50,3,NA,14,NA,Salinity_Gradient,SG,whole_leaf,KielFjord,Germany,34487,-1.55,486,4.449779899,0.8469179,1.1165314,Growing Season
PO-SGO-2,old_leaf,Poel,28.01.2021,176,June,Summer,1,54.012013,11.414744,24.06.2020,28,4,10,10,NA,Salinity_Gradient,SG,whole_leaf,Mecklenburg Bay,Germany,34558,-0.27,538,4.912694737,1.4558489,1.6721945,Growing Season
H4-SGY-1,young_leaf,Libben,30.11.2020,196,July,Summer,3.1,54.600764,13.153746,14.07.2020,46,NA,NA,9.5,NA,Salinity_Gradient,SG,whole_leaf,Western Pomerania Lagoon National Park,Germany,125311,-3.42,142,2.623220068,0.5494925,0.7027595,Growing Season
KH-SGY-1,young_leaf,Heidkate,09.11.2020,176,June,Summer,1.75,54.436383,10.323491,24.06.2020,40,4,5,14,NA,Salinity_Gradient,SG,whole_leaf,KielFjord,Germany,19474,-1.73,137,2.937297933,0.639884,0.7792914,Growing Season
SR1-SGY-3,young_leaf,Having,16.12.2020,199,July,Summer,2.4,54.348635,13.676224,17.07.2020,87,4,4,9,NA,Salinity_Gradient,SG,whole_leaf,Greifswald Bay,Germany,32876,-2.72,367,4.130293182,0.6341661,0.784072,Growing Season
B4-SGY-3,young_leaf,Lubmin,15.12.2020,262,September,Autumn,2.15,54.6,13.602617,18.09.2020,136,4,NA,7,NA,Salinity_Gradient,SG,whole_leaf,Western Pomerania Lagoon National Park,Germany,62339,-23.27,96,1.288251845,0.3009123,0.3777391,Growing Season
KF-YPL-3d,young_leaf,Falckenstein,14.01.2021,175,June,Summer,2.9,54.394034,10.191501,23.06.2020,NA,NA,NA,14,NA,Salinity_Gradient,SG,whole_leaf,KielFjord,Germany,36680,-1.55,562,4.870172121,0.8469179,1.1165314,Growing Season
PO-SGY-2,young_leaf,Poel,08.09.2020,176,June,Summer,1,54.012013,11.414744,24.06.2020,22,5,14,10,NA,Salinity_Gradient,SG,whole_leaf,Mecklenburg Bay,Germany,9328,-0.27,157,3.434374223,1.4558489,1.6721945,Growing Season
H1-SGO-1,old_leaf,Schaprode1,11.12.2020,196,July,Summer,2.7,54.514502,13.138693,14.07.2020,50,4,5,9,NA,Salinity_Gradient,SG,whole_leaf,Western Pomerania Lagoon National Park,Germany,31416,-2.08,351,4.212064493,0.911802,1.1532844,Growing Season
KB-SGO-1,old_leaf,Badeanstalt,15.12.2020,175,June,Summer,2.4,54.349571,10.148966,23.06.2020,37,5,NA,14,NA,Salinity_Gradient,SG,whole_leaf,KielFjord,Germany,79149,-2.97,345,3.841256982,1.0559041,1.5667877,Growing Season
NM-SGO-3,old_leaf,HamburgerHallig,12.01.2021,249,September,Autumn,0.2,54.598417,8.811733,05.09.2020,NA,NA,NA,23,NA,Salinity_Gradient,SG,whole_leaf,NorthSea,Germany,41392,NA,342,4.389032646,NA,NA,Growing Season
RO-SGO-1,old_leaf,Warnemunde,15.12.2020,170,June,Summer,2,54.179515,12.103809,18.06.2020,57,5,5,10,NA,Salinity_Gradient,SG,whole_leaf,Mecklenburg Bay,Germany,20537,-3.74,199,3.301331907,0.4059996,0.5003717,Growing Season
KF-SGO-5,old_leaf,Falckenstein,13.01.2021,175,June,Summer,2.9,54.394034,10.191501,23.06.2020,92,NA,NA,14,NA,Salinity_Gradient,SG,whole_leaf,KielFjord,Germany,27895,-1.55,328,3.50782309,0.8469179,1.1165314,Growing Season
H1-SGY-1,young_leaf,Schaprode1,07.10.2020,196,July,Summer,2.7,54.514502,13.138693,14.07.2020,60,NA,NA,9,NA,Salinity_Gradient,SG,whole_leaf,Western Pomerania Lagoon National Park,Germany,18969,-2.08,287,4.154909396,0.911802,1.1532844,Growing Season
KB-SGY-1,young_leaf,Badeanstalt,14.12.2020,175,June,Summer,2.4,54.349571,10.148966,23.06.2020,56,3,NA,14,NA,Salinity_Gradient,SG,whole_leaf,KielFjord,Germany,91919,-2.97,278,3.210885066,1.0559041,1.5667877,Growing Season
NM-SGY-3,young_leaf,HamburgerHallig,07.12.2020,249,September,Autumn,0.2,54.598417,8.811733,05.09.2020,NA,NA,NA,23,NA,Salinity_Gradient,SG,whole_leaf,NorthSea,Germany,35997,NA,119,1.269299862,NA,NA,Growing Season
RO-SGY-1,young_leaf,Warnemunde,15.12.2020,170,June,Summer,2,54.179515,12.103809,18.06.2020,57,3,NA,10,NA,Salinity_Gradient,SG,whole_leaf,Mecklenburg Bay,Germany,24537,-3.74,166,2.734885376,0.4059996,0.5003717,Growing Season
V1-SGO-3,old_leaf,Vilm1,16.12.2020,195,July,Summer,1.65,54.314936,13.514327,13.07.2020,57,2,NA,8.5,NA,Salinity_Gradient,SG,whole_leaf,Mecklenburg Bay,Germany,33599,-2.2,340,4.237973203,0.8780277,1.1106649,Growing Season
KF-SGY-5,young_leaf,Falckenstein,11.12.2020,175,June,Summer,2.9,54.394034,10.191501,23.06.2020,94,5,NA,14,NA,Salinity_Gradient,SG,whole_leaf,KielFjord,Germany,69212,-1.55,224,2.987439394,0.8469179,1.1165314,Growing Season
M_RQ4_SGO_t5_1,old_leaf,Maasholm,08.08.2023,144,May,Spring,NA,54.687,10.007,24.05.2023,NA,3,6,NA,NA,Seastore_Project,SP,whole_leaf,Kiel Bay,Germany,81678,0,150,2.341775735,2.4156467,2.7973981,Initial Season
M_RQ4_SGO_t5_2,old_leaf,Maasholm,09.08.2023,144,May,Spring,NA,54.687,10.007,24.05.2023,NA,3.5,4,NA,NA,Seastore_Project,SP,whole_leaf,Kiel Bay,Germany,46066,0,322,3.995950373,2.4156467,2.7973981,Initial Season
K_RQ1_SGO_t5_3,old_leaf,Kiel,10.08.2023,143,May,Spring,NA,54.349,10.15,23.05.2023,NA,3,4,NA,NA,Seastore_Project,SP,whole_leaf,Kiel Bay,Germany,101921,-3.64,84,1.572090829,1.0040563,1.4885341,Initial Season
K_RQ2_SGO_t5_1,old_leaf,Kiel,08.08.2023,142,May,Spring,NA,54.349,10.15,22.05.2023,NA,4,10,NA,NA,Seastore_Project,SP,whole_leaf,Kiel Bay,Germany,58266,-3.64,334,3.872020622,1.0040563,1.4885341,Initial Season
K_RQ3_SGO_t5_1,old_leaf,Kiel,08.08.2023,145,May,Spring,NA,54.349,10.15,25.05.2023,NA,4,8,NA,NA,Seastore_Project,SP,whole_leaf,Kiel Bay,Germany,77551,-3.64,93,2.027173947,1.0040563,1.4885341,Initial Season
K_RQ3_SGO_t5_2,old_leaf,Kiel,09.08.2023,145,May,Spring,NA,54.349,10.15,25.05.2023,NA,4,5,NA,NA,Seastore_Project,SP,whole_leaf,Kiel Bay,Germany,116713,-3.64,129,1.999716045,1.0040563,1.4885341,Initial Season
K_RQ3_SGO_t5_3,old_leaf,Kiel,10.08.2023,145,May,Spring,NA,54.349,10.15,25.05.2023,NA,NA,4,NA,NA,Seastore_Project,SP,whole_leaf,Kiel Bay,Germany,46977,-3.64,312,3.654574181,1.0040563,1.4885341,Initial Season
K_RQ2_SGO_t4_1,old_leaf,Kiel,24.08.2022,145,May,Spring,NA,54.349,10.15,25.05.2022,40.9,3.5,3,NA,NA,Seastore_Project,SP,whole_leaf,Kiel Bay,Germany,57025,-3.64,140,2.542215209,1.0040563,1.4885341,Initial Season
K_RQ1_SGO_t4_1,old_leaf,Kiel,24.08.2022,145,May,Spring,NA,54.349,10.15,25.05.2022,36,4,5,NA,NA,Seastore_Project,SP,whole_leaf,Kiel Bay,Germany,115923,-3.64,132,2.349813058,1.0040563,1.4885341,Initial Season
K_D_SGO_t4_1,old_leaf,Kiel,24.08.2022,146,May,Spring,NA,54.346,10.154,26.05.2022,35.7,5,4,NA,NA,Seastore_Project,SP,whole_leaf,Kiel Bay,Germany,28279,-3.64,97,2.309052338,0.8972946,1.314783,Initial Season
K_D_SGO_t4_2,old_leaf,Kiel,21.09.2022,146,May,Spring,NA,54.346,10.154,26.05.2022,23.6,3.5,4,NA,NA,Seastore_Project,SP,whole_leaf,Kiel Bay,Germany,39944,-3.64,246,3.7017277,0.8972946,1.314783,Initial Season
L_11_SGO_b,old_leaf,GEOMAR_Lab,16.12.2021,274,October,Autumn,NA,NA,NA,01.10.2021,71,4,4,NA,NA,Seastore_Project,SP,whole_leaf,Lab,Germany,31334,NA,335,4.638426714,NA,NA,Growing Season
K_RQ4_SGO_t4_1,old_leaf,Kiel,24.08.2022,145,May,Spring,NA,54.349,10.15,25.05.2022,34.4,5,4,NA,NA,Seastore_Project,SP,whole_leaf,Kiel Bay,Germany,75539,-3.64,136,2.600850826,1.0040563,1.4885341,Initial Season
K_RQ4_SGO_t4_2,old_leaf,Kiel,21.09.2022,145,May,Spring,NA,54.349,10.15,25.05.2022,38,5,4,NA,NA,Seastore_Project,SP,whole_leaf,Kiel Bay,Germany,25635,-3.64,137,2.849009088,1.0040563,1.4885341,Initial Season
L_11_SGO_r,old_leaf,GEOMAR_Lab,16.12.2021,274,October,Autumn,NA,NA,NA,01.10.2021,78,4,3,NA,NA,Seastore_Project,SP,whole_leaf,Lab,Germany,24462,NA,554,5.408481653,NA,NA,Growing Season
K_RQ3_SGO_t4_1,old_leaf,Kiel,24.08.2022,145,May,Spring,NA,54.349,10.15,25.05.2022,29.2,4,4,NA,NA,Seastore_Project,SP,whole_leaf,Kiel Bay,Germany,104548,-3.64,154,2.319588189,1.0040563,1.4885341,Initial Season
M_N_SGO_t0_3,old_leaf,Maasholm,15.12.2021,161,June,Summer,NA,54.687,10.007,10.06.2021,20.5,3.5,3,15,NA,Seastore_Project,SP,whole_leaf,Kiel Bay,Germany,52435,0,270,3.50427764,2.4338127,2.8291429,Growing Season
K_RQ3_SGO_t4_2,old_leaf,Kiel,21.09.2022,145,May,Spring,NA,54.349,10.15,25.05.2022,47,4,4,NA,NA,Seastore_Project,SP,whole_leaf,Kiel Bay,Germany,8119,-3.64,68,2.083749931,1.0040563,1.4885341,Initial Season
M_N_SGO_t0_2,old_leaf,Maasholm,26.11.2021,161,June,Summer,NA,54.687,10.007,10.06.2021,21.2,3,7,15,NA,Seastore_Project,SP,whole_leaf,Kiel Bay,Germany,10017,0,130,3.736666431,2.4338127,2.8291429,Growing Season
KR2_SGO_3,old_leaf,Koster,18.11.2022,222,August,Summer,NA,58.883,11.005,10.08.2021,31.2,6.3,5,NA,NA,Seastore_Project,SP,whole_leaf,Kosterfjord,Sweden,27766,0,287,4.390275911,1.4100779,1.6219851,Growing Season
GR19_SGO_2,old_leaf,Gasö,NA,208,July,Summer,NA,58.231,11.398,27.07.2021,69,4.5,6,NA,NA,Seastore_Project,SP,whole_leaf,Gasöfjord,Sweden,70679,-2.55,914,5.88238799,0.2900472,0.3376731,Growing Season
K_D_SGO_t0_1,old_leaf,Kiel,28.07.2021,151,May,Spring,NA,54.346,10.154,31.05.2021,25.1,4.5,6,16,NA,Seastore_Project,SP,whole_leaf,Kiel Bay,Germany,64924,-3.64,144,2.554714381,0.8972946,1.314783,Initial Season
K_D_SGO_t1_3,old_leaf,Kiel,26.11.2021,187,July,Summer,NA,54.346,10.154,06.07.2021,48.7,4,3,14.6,NA,Seastore_Project,SP,whole_leaf,Kiel Bay,Germany,91679,-3.64,128,2.353765091,0.9446021,1.3919636,Growing Season
K_RQ3_SGO_t1_1,old_leaf,Kiel,25.11.2021,188,July,Summer,NA,54.349,10.15,07.07.2021,23,2,4,14.6,NA,Seastore_Project,SP,whole_leaf,Kiel Bay,Germany,80421,-3.64,199,2.229705274,1.0529108,1.5665299,Growing Season
K_RQ4_SGO_t1_3,old_leaf,Kiel,16.12.2021,188,July,Summer,NA,54.349,10.15,07.07.2021,21.5,4,7,14.6,NA,Seastore_Project,SP,whole_leaf,Kiel Bay,Germany,88898,-3.64,206,3.046913559,1.0529108,1.5665299,Growing Season
K_D_SGO_t0_2,old_leaf,Kiel,25.11.2021,151,May,Spring,NA,54.346,10.154,31.05.2021,17,3,4,16,NA,Seastore_Project,SP,whole_leaf,Kiel Bay,Germany,92800,-3.64,201,2.7865875,0.8972946,1.314783,Initial Season
K_RQ3_SGO_t1_2,old_leaf,Kiel,28.07.2021,188,July,Summer,NA,54.349,10.15,07.07.2021,9.2,2,3,14.6,NA,Seastore_Project,SP,whole_leaf,Kiel Bay,Germany,53955,-3.64,236,3.727676346,1.0529108,1.5665299,Growing Season
K_D_SGO_t0_3,old_leaf,Kiel,01.12.2021,151,May,Spring,NA,54.346,10.154,31.05.2021,18.6,4,4,16,NA,Seastore_Project,SP,whole_leaf,Kiel Bay,Germany,74547,-3.64,207,3.00986519,0.8972946,1.314783,Initial Season
K_RQ2_SGO_t1_1,old_leaf,Kiel,25.11.2021,188,July,Summer,NA,54.349,10.15,07.07.2021,14.4,2.5,4,14.6,NA,Seastore_Project,SP,whole_leaf,Kiel Bay,Germany,56713,-3.64,182,3.342067018,1.0529108,1.5665299,Growing Season
K_RQ3_SGO_t1_3,old_leaf,Kiel,16.12.2021,188,July,Summer,NA,54.349,10.15,07.07.2021,19.5,4,4,14.6,NA,Seastore_Project,SP,whole_leaf,Kiel Bay,Germany,72047,-3.64,275,3.247811154,1.0529108,1.5665299,Growing Season
M_RQ4_SGO_t1_1,old_leaf,Maasholm,28.07.2021,186,July,Summer,NA,54.687,10.007,05.07.2021,14.8,2.5,4,12.9,NA,Seastore_Project,SP,whole_leaf,Kiel Bay,Germany,58452,0,198,3.008536711,2.4338127,2.8291429,Growing Season
K_RQ2_SGO_t1_2,old_leaf,Kiel,15.12.2021,188,July,Summer,NA,54.349,10.15,07.07.2021,11.5,2,4,14.6,NA,Seastore_Project,SP,whole_leaf,Kiel Bay,Germany,41919,-3.64,342,3.612065771,1.0529108,1.5665299,Growing Season
M_RQ4_SGO_t1_2,old_leaf,Maasholm,06.12.2021,186,July,Summer,NA,54.687,10.007,05.07.2021,14.6,3,3,12.9,NA,Seastore_Project,SP,whole_leaf,Kiel Bay,Germany,33497,0,191,3.214251621,2.4338127,2.8291429,Growing Season
K_RQ1_SGO_t1_1,old_leaf,Kiel,25.11.2021,188,July,Summer,NA,54.349,10.15,07.07.2021,20,3,6,14.6,NA,Seastore_Project,SP,whole_leaf,Kiel Bay,Germany,107012,-3.64,161,2.419532416,1.0529108,1.5665299,Growing Season
K_RQ2_SGO_t1_3,old_leaf,Kiel,26.08.2021,188,July,Summer,NA,54.349,10.15,07.07.2021,14.3,3,5,14.6,NA,Seastore_Project,SP,whole_leaf,Kiel Bay,Germany,80136,-3.64,401,3.841242391,1.0529108,1.5665299,Growing Season
M_RQ3_SGO_t1_1,old_leaf,Maasholm,25.11.2021,186,July,Summer,NA,54.687,10.007,05.07.2021,7.4,2,4,12.9,NA,Seastore_Project,SP,whole_leaf,Kiel Bay,Germany,95610,0,341,3.607223875,2.4338127,2.8291429,Growing Season
M_RQ4_SGO_t1_3,old_leaf,Maasholm,15.12.2021,186,July,Summer,NA,54.687,10.007,05.07.2021,15.3,3,4,12.9,NA,Seastore_Project,SP,whole_leaf,Kiel Bay,Germany,27900,0,222,3.960382789,2.4338127,2.8291429,Growing Season
K_RQ1_SGO_t1_2,old_leaf,Kiel,06.12.2021,188,July,Summer,NA,54.349,10.15,07.07.2021,14.7,2,5,14.6,NA,Seastore_Project,SP,whole_leaf,Kiel Bay,Germany,79239,-3.64,185,3.041053391,1.0529108,1.5665299,Growing Season
M_RQ3_SGO_t1_2,old_leaf,Maasholm,25.11.2021,186,July,Summer,NA,54.687,10.007,05.07.2021,9.9,2,4,12.9,NA,Seastore_Project,SP,whole_leaf,Kiel Bay,Germany,22805,0,236,3.961933735,2.4338127,2.8291429,Growing Season
K_D_SGO_t1_1,old_leaf,Kiel,10.08.2021,187,July,Summer,NA,54.346,10.154,06.07.2021,35,3,4,14.6,NA,Seastore_Project,SP,whole_leaf,Kiel Bay,Germany,75888,-3.64,144,2.792658659,0.9446021,1.3919636,Growing Season
K_RQ1_SGO_t1_3,old_leaf,Kiel,28.07.2021,188,July,Summer,NA,54.349,10.15,07.07.2021,12.5,2.5,5,14.6,NA,Seastore_Project,SP,whole_leaf,Kiel Bay,Germany,55890,-3.64,259,3.963795153,1.0529108,1.5665299,Growing Season
K_RQ4_SGO_t1_1,old_leaf,Kiel,26.08.2021,188,July,Summer,NA,54.349,10.15,07.07.2021,15.3,2,5,14.6,NA,Seastore_Project,SP,whole_leaf,Kiel Bay,Germany,43823,-3.64,232,3.387740326,1.0529108,1.5665299,Growing Season
M_RQ3_SGO_t1_3,old_leaf,Maasholm,28.07.2021,186,July,Summer,NA,54.687,10.007,05.07.2021,NA,2,3,12.9,NA,Seastore_Project,SP,whole_leaf,Kiel Bay,Germany,64418,0,326,3.851506039,2.4338127,2.8291429,Growing Season
K_D_SGO_t1_2,old_leaf,Kiel,25.11.2021,187,July,Summer,NA,54.346,10.154,06.07.2021,42.5,4,3,14.6,NA,Seastore_Project,SP,whole_leaf,Kiel Bay,Germany,95566,-3.64,179,2.973135169,0.9446021,1.3919636,Growing Season
K_RQ4_SGO_t1_2,old_leaf,Kiel,15.12.2021,188,July,Summer,NA,54.349,10.15,07.07.2021,18.5,4,6,14.6,NA,Seastore_Project,SP,whole_leaf,Kiel Bay,Germany,56697,-3.64,131,3.187369298,1.0529108,1.5665299,Growing Season
M_RQ3_SGO_t2_3,old_leaf,Maasholm,10.08.2021,214,August,Summer,NA,54.687,10.007,02.08.2021,13.7,2,4,15,NA,Seastore_Project,SP,whole_leaf,Kiel Bay,Germany,56221,0,324,3.179038656,2.4338127,2.8291429,Growing Season
M_RQ4_SGO_t3_3,old_leaf,Maasholm,03.12.2021,266,September,Autumn,NA,54.687,10.007,23.09.2021,22,3,3,15,NA,Seastore_Project,SP,whole_leaf,Kiel Bay,Germany,50754,0,206,3.351019967,2.4338127,2.8291429,Growing Season
K_D_SGO_t3_3,old_leaf,Kiel,01.12.2021,271,September,Autumn,NA,54.346,10.154,28.09.2021,52.7,3,2,16,NA,Seastore_Project,SP,whole_leaf,Kiel Bay,Germany,52694,-3.64,171,2.641914999,0.9446021,1.3919636,Growing Season
SGO_1_Kos,old_leaf,Koster,08.11.2022,181,June,Summer,2.5,58.883,10.992,30.06.2021,NA,9,8,NA,NA,Seastore_Project,SP,whole_leaf,Kosterfjord,Sweden,62882,0,325,3.598472078,1.4290624,1.6333477,Growing Season
M_RQ4_SGO_t3_1,old_leaf,Maasholm,18.11.2021,266,September,Autumn,NA,54.687,10.007,23.09.2021,21.5,2,4,15,NA,Seastore_Project,SP,whole_leaf,Kiel Bay,Germany,52912,0,370,4.052684972,2.4338127,2.8291429,Growing Season
K_RQ1_SGO_t3_3,old_leaf,Kiel,03.12.2021,272,September,Autumn,NA,54.349,10.15,29.09.2021,38,5,3,16,NA,Seastore_Project,SP,whole_leaf,Kiel Bay,Germany,70483,-3.64,147,2.649031136,1.0529108,1.5665299,Growing Season
M_RQ4_SGO_t3_2,old_leaf,Maasholm,25.11.2021,266,September,Autumn,NA,54.687,10.007,23.09.2021,22.2,2,3,15,NA,Seastore_Project,SP,whole_leaf,Kiel Bay,Germany,33284,0,107,1.858500952,2.4338127,2.8291429,Growing Season
G_D_SGO_t0_1,old_leaf,Gelting,24.08.2022,131,May,Spring,NA,54.767,9.877,11.05.2022,NA,3,4,NA,NA,Seastore_Project,SP,whole_leaf,Kiel Bay,Germany,64395,-4.09,180,2.54033023,0.7387668,1.0041101,Initial Season
G_D_SGO_t0_2,old_leaf,Gelting,21.09.2022,131,May,Spring,NA,54.767,9.877,11.05.2022,NA,4,4,NA,NA,Seastore_Project,SP,whole_leaf,Kiel Bay,Germany,40573,-4.09,770,5.774300612,0.7387668,1.0041101,Initial Season
G_D_SGO_t0_3,old_leaf,Gelting,07.10.2022,131,May,Spring,NA,54.767,9.877,11.05.2022,NA,2,4,NA,NA,Seastore_Project,SP,whole_leaf,Kiel Bay,Germany,36830,-4.09,723,5.708508056,0.7387668,1.0041101,Initial Season
M_RQ3_SGO_t5_1,old_leaf,Maasholm,08.08.2023,144,May,Spring,NA,54.687,10.007,24.05.2023,NA,4,9,NA,NA,Seastore_Project,SP,whole_leaf,Kiel Bay,Germany,75664,0,496,4.990402663,2.4156467,2.7973981,Initial Season
M_RQ3_SGO_t5_2,old_leaf,Maasholm,09.08.2023,144,May,Spring,NA,54.687,10.007,24.05.2023,NA,5,6,NA,NA,Seastore_Project,SP,whole_leaf,Kiel Bay,Germany,52035,0,567,5.207881847,2.4156467,2.7973981,Initial Season
M_RQ3_SGO_t5_3,old_leaf,Maasholm,10.08.2023,144,May,Spring,NA,54.687,10.007,24.05.2023,NA,3,7,NA,NA,Seastore_Project,SP,whole_leaf,Kiel Bay,Germany,41232,0,757,5.812052866,2.4156467,2.7973981,Initial Season
M_RQ4_SGO_t5_3,old_leaf,Maasholm,10.08.2023,144,May,Spring,NA,54.687,10.007,24.05.2023,NA,3,4,NA,NA,Seastore_Project,SP,whole_leaf,Kiel Bay,Germany,33531,0,354,4.672692008,2.4156467,2.7973981,Initial Season
K_D_SGO_t5_1,old_leaf,Kiel,08.08.2023,142,May,Spring,NA,54.346,10.154,22.05.2023,NA,4,6,NA,NA,Seastore_Project,SP,whole_leaf,Kiel Bay,Germany,65057,-3.64,743,5.397235666,0.8972946,1.314783,Initial Season
K_D_SGO_t5_2,old_leaf,Kiel,09.08.2023,142,May,Spring,NA,54.346,10.154,22.05.2023,NA,5,7,NA,NA,Seastore_Project,SP,whole_leaf,Kiel Bay,Germany,49456,-3.64,839,5.652074953,0.8972946,1.314783,Initial Season
K_D_SGO_t5_3,old_leaf,Kiel,10.08.2023,142,May,Spring,NA,54.346,10.154,22.05.2023,NA,4,6,NA,NA,Seastore_Project,SP,whole_leaf,Kiel Bay,Germany,68691,-3.64,545,5.102720117,0.8972946,1.314783,Initial Season
K_RQ1_SGO_t5_1,old_leaf,Kiel,08.08.2023,143,May,Spring,NA,54.349,10.15,23.05.2023,NA,5,6,NA,NA,Seastore_Project,SP,whole_leaf,Kiel Bay,Germany,55857,-3.64,91,1.803407453,1.0040563,1.4885341,Initial Season
K_RQ2_SGO_t5_2,old_leaf,Kiel,09.08.2023,142,May,Spring,NA,54.349,10.15,22.05.2023,NA,5,10,NA,NA,Seastore_Project,SP,whole_leaf,Kiel Bay,Germany,25950,-3.64,714,5.866531794,1.0040563,1.4885341,Initial Season
K_RQ2_SGO_t5_3,old_leaf,Kiel,10.08.2023,142,May,Spring,NA,54.349,10.15,22.05.2023,NA,4,7,NA,NA,Seastore_Project,SP,whole_leaf,Kiel Bay,Germany,49718,-3.64,585,5.342286332,1.0040563,1.4885341,Initial Season
K_RQ4_SGO_t5_1,old_leaf,Kiel,08.08.2023,143,May,Spring,NA,54.349,10.15,23.05.2023,NA,8,4,NA,NA,Seastore_Project,SP,whole_leaf,Kiel Bay,Germany,76960,-3.64,465,4.220814872,1.0040563,1.4885341,Initial Season
K_RQ4_SGO_t5_2,old_leaf,Kiel,09.08.2023,143,May,Spring,NA,54.349,10.15,23.05.2023,NA,5,4,NA,NA,Seastore_Project,SP,whole_leaf,Kiel Bay,Germany,43082,-3.64,967,6.020830413,1.0040563,1.4885341,Initial Season
K_RQ4_SGO_t5_3,old_leaf,Kiel,10.08.2023,143,May,Spring,NA,54.349,10.15,23.05.2023,NA,4,4,NA,NA,Seastore_Project,SP,whole_leaf,Kiel Bay,Germany,43960,-3.64,715,5.681524255,1.0040563,1.4885341,Initial Season
G_D_SGO_t4_1,old_leaf,Gelting,08.08.2023,171,June,Summer,NA,54.767,9.877,20.06.2023,NA,4.5,6,NA,NA,Seastore_Project,SP,whole_leaf,Kiel Bay,Germany,85564,-4.09,521,4.432514552,0.7820864,1.0730525,Growing Season
G_D_SGO_t4_2,old_leaf,Gelting,09.08.2023,171,June,Summer,NA,54.767,9.877,20.06.2023,NA,5,6,NA,NA,Seastore_Project,SP,whole_leaf,Kiel Bay,Germany,71821,-4.09,484,4.981031417,0.7820864,1.0730525,Growing Season
G_D_SGO_t4_3,old_leaf,Gelting,10.08.2023,171,June,Summer,NA,54.767,9.877,20.06.2023,NA,3.9,6,NA,NA,Seastore_Project,SP,whole_leaf,Kiel Bay,Germany,61758,-4.09,933,5.87358908,0.7820864,1.0730525,Growing Season
G_RQ4_SGO_t4_1,old_leaf,Gelting,08.08.2023,171,June,Summer,NA,54.767,9.877,20.06.2023,NA,3,6,NA,NA,Seastore_Project,SP,whole_leaf,Kiel Bay,Germany,35020,-4.09,495,5.068697539,0.7820864,1.0730525,Growing Season
G_RQ4_SGO_t4_2,old_leaf,Gelting,09.08.2023,171,June,Summer,NA,54.767,9.877,20.06.2023,NA,3,5,NA,NA,Seastore_Project,SP,whole_leaf,Kiel Bay,Germany,33312,-4.09,785,5.90301671,0.7820864,1.0730525,Growing Season
G_RQ4_SGO_t4_3,old_leaf,Gelting,10.08.2023,171,June,Summer,NA,54.767,9.877,20.06.2023,NA,4,6,NA,NA,Seastore_Project,SP,whole_leaf,Kiel Bay,Germany,30529,-4.09,868,6.076801549,0.7820864,1.0730525,Growing Season
M_RQ3_SGO_t3_1,old_leaf,Maasholm,25.11.2021,266,September,Autumn,NA,54.687,10.007,23.09.2021,13.6,2,4,15,NA,Seastore_Project,SP,whole_leaf,Kiel Bay,Germany,34829,0,408,5.036286652,2.4338127,2.8291429,Growing Season
K_RQ3_SGO_t3_1,old_leaf,Kiel,25.11.2021,272,September,Autumn,NA,54.349,10.15,29.09.2021,36,4,4,16,NA,Seastore_Project,SP,whole_leaf,Kiel Bay,Germany,67927,-3.64,597,5.197888344,1.0529108,1.5665299,Growing Season
K_RQ4_SGO_t3_3,old_leaf,Kiel,10.12.2021,272,September,Autumn,NA,54.349,10.15,29.09.2021,40,5,3,16,NA,Seastore_Project,SP,whole_leaf,Kiel Bay,Germany,46488,-3.64,530,5.207402234,1.0529108,1.5665299,Growing Season
M_RQ3_SGO_t3_2,old_leaf,Maasholm,03.12.2021,266,September,Autumn,NA,54.687,10.007,23.09.2021,43.5,2,5,15,NA,Seastore_Project,SP,whole_leaf,Kiel Bay,Germany,14818,0,264,4.740074403,2.4338127,2.8291429,Growing Season
K_RQ3_SGO_t3_2,old_leaf,Kiel,26.11.2021,272,September,Autumn,NA,54.349,10.15,29.09.2021,32,5,3,16,NA,Seastore_Project,SP,whole_leaf,Kiel Bay,Germany,33123,-3.64,467,5.130875384,1.0529108,1.5665299,Growing Season
M_RQ3_SGO_t3_3,old_leaf,Maasholm,18.11.2021,266,September,Autumn,NA,54.687,10.007,23.09.2021,21.6,3,4,15,NA,Seastore_Project,SP,whole_leaf,Kiel Bay,Germany,40774,0,531,5.117967185,2.4338127,2.8291429,Growing Season
K_RQ2_SGO_t3_1,old_leaf,Kiel,25.11.2021,272,September,Autumn,NA,54.349,10.15,29.09.2021,31,4,4,16,NA,Seastore_Project,SP,whole_leaf,Kiel Bay,Germany,125434,-3.64,89,1.684958078,1.0529108,1.5665299,Growing Season
K_RQ3_SGO_t3_3,old_leaf,Kiel,06.12.2021,272,September,Autumn,NA,54.349,10.15,29.09.2021,27.3,3,4,16,NA,Seastore_Project,SP,whole_leaf,Kiel Bay,Germany,47342,-3.64,720,5.625356535,1.0529108,1.5665299,Growing Season
SGO_10_Kos,old_leaf,Koster,09.11.2022,181,June,Summer,2.5,58.883,10.992,30.06.2021,NA,6,5,NA,NA,Seastore_Project,SP,whole_leaf,Kosterfjord,Sweden,37301,0,399,4.526612936,1.4290624,1.6333477,Growing Season
K_RQ2_SGO_t3_2,old_leaf,Kiel,10.12.2021,272,September,Autumn,NA,54.349,10.15,29.09.2021,39.5,4,4,16,NA,Seastore_Project,SP,whole_leaf,Kiel Bay,Germany,61283,-3.64,283,3.166429881,1.0529108,1.5665299,Growing Season
SGO_20_Kos,old_leaf,Koster,30.11.2022,181,June,Summer,2.5,58.883,10.992,30.06.2021,NA,9,7,NA,NA,Seastore_Project,SP,whole_leaf,Kosterfjord,Sweden,64836,0,409,4.860652172,1.4290624,1.6333477,Growing Season
K_RQ1_SGO_t3_1,old_leaf,Kiel,25.11.2021,272,September,Autumn,NA,54.349,10.15,29.09.2021,23,3,3,16,NA,Seastore_Project,SP,whole_leaf,Kiel Bay,Germany,55093,-3.64,273,3.050689503,1.0529108,1.5665299,Growing Season
K_RQ2_SGO_t3_3,old_leaf,Kiel,06.12.2021,272,September,Autumn,NA,54.349,10.15,29.09.2021,34.5,4,4,16,NA,Seastore_Project,SP,whole_leaf,Kiel Bay,Germany,47961,-3.64,704,5.633347051,1.0529108,1.5665299,Growing Season
K_RQ1_SGO_t3_2,old_leaf,Kiel,06.12.2021,272,September,Autumn,NA,54.349,10.15,29.09.2021,34.5,4,4,16,NA,Seastore_Project,SP,whole_leaf,Kiel Bay,Germany,73029,-3.64,145,2.491887184,1.0529108,1.5665299,Growing Season
K_D_SGO_t3_1,old_leaf,Kiel,25.11.2021,271,September,Autumn,NA,54.346,10.154,28.09.2021,59,3,3,16,NA,Seastore_Project,SP,whole_leaf,Kiel Bay,Germany,44433,-3.64,300,3.892349634,0.9446021,1.3919636,Growing Season
K_RQ4_SGO_t3_1,old_leaf,Kiel,25.11.2021,272,September,Autumn,NA,54.349,10.15,29.09.2021,28.8,3,3,16,NA,Seastore_Project,SP,whole_leaf,Kiel Bay,Germany,61072,-3.64,608,5.36885547,1.0529108,1.5665299,Growing Season
K_D_SGO_t3_2,old_leaf,Kiel,10.12.2021,271,September,Autumn,NA,54.346,10.154,28.09.2021,63.5,3,4,16,NA,Seastore_Project,SP,whole_leaf,Kiel Bay,Germany,129403,-3.64,193,2.202015446,0.9446021,1.3919636,Growing Season
K_RQ4_SGO_t3_2,old_leaf,Kiel,10.12.2021,272,September,Autumn,NA,54.349,10.15,29.09.2021,34.4,3.5,3,16,NA,Seastore_Project,SP,whole_leaf,Kiel Bay,Germany,57604,-3.64,731,5.573018805,1.0529108,1.5665299,Growing Season
M_RQ4_SGO_t4_3,old_leaf,Maasholm,12.10.2022,132,May,Spring,NA,54.687,10.007,12.05.2022,22.6,3,4,NA,NA,Seastore_Project,SP,whole_leaf,Kiel Bay,Germany,35636,0,903,5.869976697,2.4156467,2.7973981,Initial Season
M_RQ3_SGO_t4_1,old_leaf,Maasholm,24.08.2022,132,May,Spring,NA,54.687,10.007,12.05.2022,26,4,5,NA,NA,Seastore_Project,SP,whole_leaf,Kiel Bay,Germany,29826,0,382,4.891937583,2.4156467,2.7973981,Initial Season
M_RQ4_SGO_t4_1,old_leaf,Maasholm,24.08.2022,132,May,Spring,NA,54.687,10.007,12.05.2022,32,4,5,NA,NA,Seastore_Project,SP,whole_leaf,Kiel Bay,Germany,29332,0,690,5.625169115,2.4156467,2.7973981,Initial Season
M_RQ4_SGO_t4_2,old_leaf,Maasholm,21.09.2022,132,May,Spring,NA,54.687,10.007,12.05.2022,39.2,5,5,NA,NA,Seastore_Project,SP,whole_leaf,Kiel Bay,Germany,51052,0,978,5.92008829,2.4156467,2.7973981,Initial Season
K_D_SGO_t4_3,old_leaf,Kiel,07.10.2022,146,May,Spring,NA,54.346,10.154,26.05.2022,31.3,4,4,NA,NA,Seastore_Project,SP,whole_leaf,Kiel Bay,Germany,54009,-3.64,179,1.321272903,0.8972946,1.314783,Initial Season
K_RQ2_SGO_t4_2,old_leaf,Kiel,21.09.2022,145,May,Spring,NA,54.349,10.15,25.05.2022,24.2,3,4,NA,NA,Seastore_Project,SP,whole_leaf,Kiel Bay,Germany,17485,-3.64,317,4.160320963,1.0040563,1.4885341,Initial Season
K_RQ2_SGO_t4_3,old_leaf,Kiel,12.10.2022,145,May,Spring,NA,54.349,10.15,25.05.2022,29.4,3,4,NA,NA,Seastore_Project,SP,whole_leaf,Kiel Bay,Germany,47748,-3.64,379,4.212486945,1.0040563,1.4885341,Initial Season
K_RQ1_SGO_t4_2,old_leaf,Kiel,21.09.2022,145,May,Spring,NA,54.349,10.15,25.05.2022,19.8,2.5,3,NA,NA,Seastore_Project,SP,whole_leaf,Kiel Bay,Germany,7821,-3.64,118,3.309162815,1.0040563,1.4885341,Initial Season
K_RQ1_SGO_t4_3,old_leaf,Kiel,12.10.2022,145,May,Spring,NA,54.349,10.15,25.05.2022,37,3,4,NA,NA,Seastore_Project,SP,whole_leaf,Kiel Bay,Germany,42027,-3.64,318,3.730011438,1.0040563,1.4885341,Initial Season
L_11_SGO_y,old_leaf,GEOMAR_Lab,17.12.2021,274,October,Autumn,NA,NA,NA,01.10.2021,62,4,4,NA,NA,Seastore_Project,SP,whole_leaf,Lab,Germany,25749,NA,828,5.925669744,NA,NA,Growing Season
K_RQ4_SGO_t4_3,old_leaf,Kiel,12.10.2022,145,May,Spring,NA,54.349,10.15,25.05.2022,25.6,3,4,NA,NA,Seastore_Project,SP,whole_leaf,Kiel Bay,Germany,54683,-3.64,182,2.538683823,1.0040563,1.4885341,Initial Season
M_N_SGO_t0_1,old_leaf,Maasholm,06.12.2021,160,June,Summer,NA,54.687,10.007,09.06.2021,16.6,2,5,15,NA,Seastore_Project,SP,whole_leaf,Kiel Bay,Germany,42140,0,111,2.7236503,2.4338127,2.8291429,Growing Season
K_RQ3_SGO_t4_3,old_leaf,Kiel,12.10.2022,145,May,Spring,NA,54.349,10.15,25.05.2022,31.1,4,4,NA,NA,Seastore_Project,SP,whole_leaf,Kiel Bay,Germany,61559,-3.64,292,2.965899324,1.0040563,1.4885341,Initial Season
ASR_SGO_3,old_leaf,Askerön,21.10.2022,202,July,Summer,NA,58.084,11.734,21.07.2021,31.5,5,7,NA,NA,Seastore_Project,SP,whole_leaf,Askeröfjord,Sweden,47221,-2.55,426,3.942460084,0.2900472,0.3376731,Growing Season
GD_SGO_2,old_leaf,Gasö,09.11.2022,208,July,Summer,NA,58.231,11.398,27.07.2021,118.2,1,5,NA,NA,Seastore_Project,SP,whole_leaf,Gasöfjord,Sweden,28383,-2.55,632,5.623505134,0.2900472,0.3376731,Growing Season
GR19_SGO_3,old_leaf,Gasö,NA,208,July,Summer,NA,58.231,11.398,27.07.2021,109.5,9,5,NA,NA,Seastore_Project,SP,whole_leaf,Gasöfjord,Sweden,68603,-2.55,722,5.023288415,0.2900472,0.3376731,Growing Season
ASD_SGO_1,old_leaf,Askerön,03.11.2021,202,July,Summer,NA,58.084,11.717,21.07.2021,45.2,3.5,4,NA,NA,Seastore_Project,SP,whole_leaf,Askeröfjord,Sweden,31495,-3.05,505,4.77603528,1.3305782,1.9033149,Growing Season
KR2_SGO_1,old_leaf,Koster,21.10.2022,222,August,Summer,NA,58.883,11.005,10.08.2021,48.6,6.5,6,NA,NA,Seastore_Project,SP,whole_leaf,Kosterfjord,Sweden,30661,0,535,5.329737834,1.4290624,1.6333477,Growing Season
GD_SGO_3,old_leaf,Gasö,08.11.2022,208,July,Summer,NA,58.231,11.398,27.07.2021,78.5,7,5,NA,NA,Seastore_Project,SP,whole_leaf,Gasöfjord,Sweden,45674,-2.55,407,3.804023564,0.2900472,0.3376731,Growing Season
GR15_SGO_1,old_leaf,Gasö,NA,208,July,Summer,NA,58.231,11.398,27.07.2021,60.1,7,4,NA,NA,Seastore_Project,SP,whole_leaf,Gasöfjord,Sweden,21223,-2.55,674,5.769626627,0.2900472,0.3376731,Growing Season
GR19_SGO_2_2,old_leaf,Gasö,18.11.2022,208,July,Summer,NA,58.231,11.398,27.07.2021,NA,NA,NA,NA,NA,Seastore_Project,SP,whole_leaf,Gasöfjord,Sweden,17177,-2.55,322,4.646137683,0.2900472,0.3376731,Growing Season
KR2_SGO_2,old_leaf,Koster,09.11.2022,222,August,Summer,NA,58.883,11.005,10.08.2021,49.5,5.5,7,NA,NA,Seastore_Project,SP,whole_leaf,Kosterfjord,Sweden,33741,0,500,5.181935103,1.4290624,1.6333477,Growing Season
GR15_SGO_3,old_leaf,Gasö,NA,208,July,Summer,NA,58.231,11.398,27.07.2021,44.5,6,6,NA,NA,Seastore_Project,SP,whole_leaf,Gasöfjord,Sweden,30640,-2.55,746,5.816490122,0.2900472,0.3376731,Growing Season
KR1_SGO_1,old_leaf,Koster,21.10.2022,222,August,Summer,NA,58.864,11.038,10.08.2021,32,5,5,NA,NA,Seastore_Project,SP,whole_leaf,Kosterfjord,Sweden,43294,0,779,5.63845981,1.4100779,1.6219851,Growing Season
KR1_SGO_2,old_leaf,Koster,21.10.2022,222,August,Summer,NA,58.864,11.038,10.08.2021,17.9,3.5,5,NA,NA,Seastore_Project,SP,whole_leaf,Kosterfjord,Sweden,63712,0,822,5.608749504,1.4100779,1.6219851,Growing Season
KR1_SGO_3,old_leaf,Koster,21.10.2022,222,August,Summer,NA,58.864,11.038,10.08.2021,36.4,6.5,7,NA,NA,Seastore_Project,SP,whole_leaf,Kosterfjord,Sweden,35128,0,538,5.276444281,1.4100779,1.6219851,Growing Season
ASR_SGO_1,old_leaf,Askerön,21.10.2022,202,July,Summer,NA,58.084,11.734,21.07.2021,38.4,6,6,NA,NA,Seastore_Project,SP,whole_leaf,Askeröfjord,Sweden,26975,0,567,5.420190957,3.7054562,4.4571502,Growing Season
ASD_SGO_3,old_leaf,Askerön,29.09.2021,202,July,Summer,NA,58.084,11.717,21.07.2021,83.4,5,5,NA,NA,Seastore_Project,SP,whole_leaf,Askeröfjord,Sweden,7624,0,236,4.781051345,3.7054562,4.4571502,Growing Season
ASR_SGO_2,old_leaf,Askerön,21.10.2022,202,July,Summer,NA,58.084,11.734,21.07.2021,38.6,5,6,NA,NA,Seastore_Project,SP,whole_leaf,Askeröfjord,Sweden,31430,0,654,5.579843072,3.7054562,4.4571502,Growing Season
GR19_SGO_1,old_leaf,Gasö,09.11.2022,208,July,Summer,NA,58.231,11.398,27.07.2021,96.4,6,6,NA,NA,Seastore_Project,SP,whole_leaf,Gasöfjord,Sweden,47627,-2.55,1166,6.400585585,0.2900472,0.3376731,Growing Season
ASD_SGO_2,old_leaf,Askerön,08.11.2022,202,July,Summer,NA,58.084,11.717,21.07.2021,57,5,3,NA,NA,Seastore_Project,SP,whole_leaf,Askeröfjord,Sweden,8397,0,260,4.785333272,3.7054562,4.4571502,Growing Season
GD_SGO_1,old_leaf,Gasö,NA,202,July,Summer,NA,58.231,11.398,21.07.2021,87.6,8,5,NA,NA,Seastore_Project,SP,whole_leaf,Gasöfjord,Sweden,67536,0,1143,6.102226575,3.7054562,4.4571502,Growing Season
BV2-SGY-3,young_leaf,Bökevik2,24.09.2021,209,July,Summer,5,58.24901,11.44854,28.07.2021,31,4.5,6,24,NA,Germination_Experiment,GE,whole_leaf,Gasöfjord,Sweden,22902,0,260,4.637795067,1.3837054,1.5983524,Growing Season
BV1-SGY-3,young_leaf,Bökevik1,19.08.2021,201,July,Summer,5,58.24901,11.44854,20.07.2021,25,4,4,25.5,NA,Germination_Experiment,GE,whole_leaf,Gasöfjord,Sweden,34136,0,294,4.710057296,1.3837054,1.5983524,Growing Season
BV3-SGO-3,old_leaf,Bökevik3,16.11.2021,214,August,Summer,5,58.24901,11.44854,02.08.2021,102,6,4,24,NA,Germination_Experiment,GE,whole_leaf,Gasöfjord,Sweden,41841,0,346,4.33749637,1.3837054,1.5983524,Growing Season
BV2-SGO-3,old_leaf,Bökevik2,24.09.2021,209,July,Summer,5,58.24901,11.44854,28.07.2021,149,6,4,24,NA,Germination_Experiment,GE,whole_leaf,Gasöfjord,Sweden,10824,0,155,2.941558701,1.3837054,1.5983524,Growing Season
BV1-SGO-3,old_leaf,Bökevik1,19.08.2021,201,July,Summer,5,58.24901,11.44854,20.07.2021,64,4.5,5,25.5,NA,Germination_Experiment,GE,whole_leaf,Gasöfjord,Sweden,37506,0,10,0.0634952273,1.3837054,1.5983524,Growing Season
BV3-SGY-3,young_leaf,Bökevik3,19.08.2021,214,August,Summer,5,58.24901,11.44854,02.08.2021,25,4,5,24,NA,Germination_Experiment,GE,whole_leaf,Gasöfjord,Sweden,16061,0,214,3.917070458,1.3837054,1.5983524,Growing Season
BV4-SGO-3,old_leaf,Bökevik4,01.10.2021,223,August,Summer,5,58.24901,11.44854,11.08.2021,66,5,4,23,NA,Germination_Experiment,GE,whole_leaf,Gasöfjord,Sweden,50716,0,427,4.802604702,1.3837054,1.5983524,Growing Season